dia,fecha,tema,fb,ig,hashtags,cta,url_imagen
1,2026-08-27,RUIA: el registro público que puede sacar a su empresa de una licitación,"Hay una base de datos pública, gratuita y consultable por cualquiera que muy pocas empresas del Cesar revisan antes de firmar un contrato o armar un consorcio. Se llama RUIA: Registro Único de Infractores Ambientales.

Lo creó la Ley 1333 de 2009 y lo reglamentó la Resolución 415 de 2010. Ahí quedan registradas las personas naturales y jurídicas sancionadas ambientalmente en Colombia, con el acto administrativo en firme.

Por qué esto es un asunto comercial y no solo jurídico:

1. Es público. No hay que ser autoridad para consultarlo. Su cliente puede mirarlo. Su socio de consorcio puede mirarlo. Usted puede mirar al que le están proponiendo como socio.

2. El reporte tiene un término de permanencia reglamentado. No es para siempre, pero tampoco desaparece cuando usted paga la multa.

3. En contratación, la reputación ambiental pesa. Un antecedente vivo en el RUIA es una conversación incómoda que se abre justo cuando usted está cerrando negocio.

Y algo que muchos todavía no han incorporado: la Ley 1333 fue modificada por la Ley 2387 de 2024. El régimen sancionatorio ambiental colombiano no está donde estaba hace dos años. Quien esté trabajando con la versión original de la norma está desactualizado.

Dos recomendaciones concretas:

— Antes de firmar un consorcio, consulte el RUIA de su futuro socio. Toma cinco minutos y le puede ahorrar un problema de años.
— Si su empresa tiene un proceso sancionatorio abierto, no lo maneje solo con el abogado. La defensa técnica ambiental —caracterizaciones, memorias de cálculo, evidencia de cumplimiento— es la que sostiene el argumento jurídico.

En SOSING acompañamos esa parte técnica.","¿Sabía que existe una lista pública de infractores ambientales en Colombia?

Se llama RUIA. La creó la Ley 1333 de 2009 y la reglamentó la Resolución 415 de 2010.

Tres cosas que debería saber:

Es pública. Su cliente puede consultarla. Su socio de consorcio también.

El reporte permanece un tiempo reglamentado. Pagar la multa no lo borra de inmediato.

La Ley 1333 fue modificada por la Ley 2387 de 2024. Si su asesor le está citando la versión vieja, está desactualizado.

Antes de firmar un consorcio: consulte el RUIA de su socio. Cinco minutos.",#SOSING #Valledupar #Cesar #NormativaAmbiental #CORPOCESAR #LicenciaAmbiental #GestionAmbiental #IngenieriaAmbiental,Escríbenos por WhatsApp: +57 311 660 8217,https://raw.githubusercontent.com/Yair48/sosing-social/main/sosing_dia_01.png
2,2026-08-28,Qué incluye realmente un estudio de impacto ambiental,"""Necesito un estudio de impacto ambiental."" Es la frase. Pero pocos saben qué hay adentro.

Un EIA que cumple los Términos de Referencia del ANLA tiene, mínimo:

· Descripción del proyecto — obras, actividades, cronograma, insumos
· Área de influencia — delimitada y justificada técnicamente, no dibujada a ojo
· Línea base — física, biótica y socioeconómica. Aquí se va el 60% del trabajo de campo
· Zonificación ambiental y zonificación de manejo
· Demanda de recursos naturales — el capítulo que define qué permisos van dentro de la licencia
· Evaluación de impactos — con y sin proyecto
· Plan de manejo ambiental — programas, fichas, indicadores, costos
· Plan de seguimiento y monitoreo
· Plan de contingencia
· Plan de abandono y restauración

La línea base es donde se caen la mayoría. No se puede escribir desde una oficina: exige campo, muestreo, laboratorio acreditado y cartografía en el sistema de referencia oficial.

Un EIA mal hecho no se rechaza rápido. Se queda meses en requerimientos. Y cada mes de requerimiento es un mes de obra parada.","""Necesito un EIA.""

Lo que hay adentro de verdad:
· Descripción del proyecto
· Área de influencia justificada
· Línea base física, biótica y socioeconómica ← el 60% del trabajo
· Zonificación de manejo
· Demanda de recursos naturales
· Evaluación de impactos
· PMA con fichas, indicadores y costos
· Seguimiento, contingencia y abandono

La línea base no se escribe desde una oficina. Exige campo, laboratorio acreditado y cartografía oficial.

Un EIA mal hecho no se rechaza rápido: se queda meses en requerimientos.",#SOSING #Valledupar #Cesar #IngenieriaAmbiental #TrabajoDeCampo #ConsultoriaAmbiental #IngenieriaColombia #Ingenieria,,https://raw.githubusercontent.com/Yair48/sosing-social/main/sosing_dia_02.png
3,2026-08-29,El PMGRD municipal que nadie actualiza,"Pregunta incómoda para cualquier alcaldía: ¿cuándo se actualizó por última vez el Plan Municipal de Gestión del Riesgo de Desastres?

La Ley 1523 de 2012 lo hizo obligatorio para los 1.103 municipios del país. Trece años después, buena parte de esos planes son documentos de 2013 que nadie ha vuelto a abrir.

El problema no es el incumplimiento formal. Es lo que pasa cuando llega la emergencia:

· El plan identifica escenarios de riesgo que ya cambiaron
· Los puntos críticos de inundación se movieron porque la ciudad creció
· Los contactos del Consejo Municipal de Gestión del Riesgo son de tres administraciones atrás
· No hay línea presupuestal asociada, entonces no hay con qué responder

Y cuando la Contraloría o la UNGRD pide el plan actualizado, el municipio queda expuesto.

Un PMGRD actualizado en serio tiene: caracterización de escenarios con cartografía vigente, priorización por riesgo real, programas con costos, fuentes de financiación identificadas y responsables con nombre y cargo.

Es un documento que se usa, no que se archiva.","Pregunta incómoda: ¿cuándo se actualizó el PMGRD de su municipio?

La Ley 1523 de 2012 lo hizo obligatorio para los 1.103 municipios. Muchos siguen con el documento de 2013.

Lo que pasa cuando llega la emergencia:
· Los escenarios de riesgo ya cambiaron
· Los puntos críticos se movieron porque la ciudad creció
· Los contactos son de tres administraciones atrás
· Sin línea presupuestal no hay con qué responder

Un PMGRD sirve cuando se usa, no cuando se archiva.",#SOSING #Valledupar #Cesar #GestionDelRiesgo #Ley1523 #GestionDelRiesgoDeDesastres #ResilienciaTerritorial #Prevencion,,https://raw.githubusercontent.com/Yair48/sosing-social/main/sosing_dia_03.png
4,2026-08-30,IRCA: el número que dice si el agua de su municipio es potable,"Hay un número que resume, en una sola cifra, si el agua que toma un municipio es apta para consumo humano: el IRCA (Índice de Riesgo de la Calidad del Agua para Consumo Humano).

Lo define la Resolución 2115 de 2007 y se lee así:

· 0 – 5 %: SIN RIESGO. Agua apta.
· 5,1 – 14 %: Riesgo BAJO
· 14,1 – 35 %: Riesgo MEDIO
· 35,1 – 80 %: Riesgo ALTO
· 80,1 – 100 %: INVIABLE SANITARIAMENTE

Lo importante: el IRCA no es un dato de laboratorio suelto. Es un promedio ponderado de los parámetros que se salieron de norma, y cada parámetro pesa distinto. La E. coli pesa 25 puntos ella sola. Un solo hallazgo microbiológico puede tumbar un municipio entero a riesgo alto.

Cuando un municipio tiene IRCA alto sostenido, no es solo un problema de salud pública. Es un condicionante para acceder a recursos del sector y una alerta para los organismos de control.

La corrección casi nunca está donde se cree. A veces no es la planta: es la red, los tanques sin lavar o la falta de vigilancia de la dosificación de cloro. Por eso el diagnóstico va primero.","El IRCA es el número que dice si el agua de su municipio es potable.

0–5 % → SIN RIESGO
5,1–14 % → BAJO
14,1–35 % → MEDIO
35,1–80 % → ALTO
80,1–100 % → INVIABLE SANITARIAMENTE

Dato clave: la E. coli pesa 25 puntos ella sola. Un solo hallazgo microbiológico puede tumbar el municipio a riesgo alto.

Y la corrección casi nunca está en la planta. Suele estar en la red, en los tanques o en la dosificación de cloro.

Por eso el diagnóstico va primero.",#SOSING #Valledupar #Cesar #AguaPotable #Saneamiento #IngenieriaSanitaria #AguaParaTodos #RecursoHidrico,,https://raw.githubusercontent.com/Yair48/sosing-social/main/sosing_dia_04.png
5,2026-08-31,Quiénes somos: el equipo detrás de los informes,"Somos SOSING S.A.S. Ingeniería ambiental, forestal, gestión del riesgo, interventoría y obra civil. Con base en Valledupar, trabajando en el Cesar y La Guajira.

Lo que nos define no es un eslogan. Es un número que cualquiera puede verificar:

42 contratos ejecutados y certificados en el Registro Único de Proponentes.

No decimos ""líderes en soluciones integrales"". Decimos: ejecutamos 42 contratos, están certificados, y usted puede pedir el RUP y comprobarlo.

Detrás de cada uno hay gente que se levanta a las 4 de la mañana para hacer un aforo antes de que suba el sol, que carga neveras con muestras hasta el laboratorio, y que revisa un informe de 400 páginas tres veces antes de radicarlo.

Esa es la empresa. Bienvenidos.","Somos SOSING S.A.S.

Ingeniería ambiental, forestal, gestión del riesgo e interventoría. Base en Valledupar. Trabajo en Cesar y La Guajira.

Lo que nos define no es un eslogan. Es un número verificable:

42 contratos ejecutados y certificados en el RUP.

No decimos ""líderes en soluciones integrales"". Decimos: pida el RUP y compruébelo.

Bienvenidos.",#SOSING #Valledupar #Cesar #EquipoSOSING #IngenieriaColombia #TalentoDelCesar #SeguridadYSalud #OrgulloVallenato,Conócenos: sosinggroup.com,https://raw.githubusercontent.com/Yair48/sosing-social/main/sosing_dia_05.png
6,2026-09-01,Qué es el RUP y por qué debería saber leerlo,"Si va a contratar con el Estado colombiano —o a asociarse con alguien que lo haga— tiene que saber leer un RUP.

El Registro Único de Proponentes es la hoja de vida verificada de una empresa ante el Estado. Lo expide la Cámara de Comercio y contiene tres bloques:

1. EXPERIENCIA. Contratos ejecutados, clasificados con códigos UNSPSC y cuantificados en SMMLV. Aquí se mira: ¿cuántos contratos?, ¿por cuánto?, ¿en qué códigos?, ¿cuál fue el mayor contrato individual?

2. CAPACIDAD FINANCIERA. Índice de liquidez, nivel de endeudamiento, razón de cobertura de intereses, capital de trabajo, patrimonio.

3. CAPACIDAD ORGANIZACIONAL. Rentabilidad del patrimonio y del activo.

El error más común es mirar solo el valor total de la experiencia. Un pliego rara vez pide ""experiencia total"": pide contratos en códigos UNSPSC específicos, a veces con un valor mínimo por contrato individual. Una empresa con mucha experiencia dispersa puede no cumplir, y una con pocos contratos bien clasificados sí.

Nuestro RUP: 42 contratos, 10.017,92 SMMLV acumulados, mayor contrato individual 1.119,79 SMMLV. Liquidez 5,47 · endeudamiento 0,30 · cobertura de intereses 462,66.

Está publicado. Verifíquelo.","Si contrata con el Estado, tiene que saber leer un RUP.

Trae 3 bloques:
1. Experiencia — contratos en SMMLV y códigos UNSPSC
2. Capacidad financiera — liquidez, endeudamiento, cobertura
3. Capacidad organizacional — rentabilidad

El error #1: mirar solo el valor total. Los pliegos piden códigos UNSPSC específicos, no experiencia genérica. Una empresa con mucha experiencia dispersa puede no cumplir.

Nuestro RUP: 42 contratos · 10.017,92 SMMLV · liquidez 5,47 · endeudamiento 0,30.

Verifíquelo.",#SOSING #Valledupar #Cesar #ContratacionPublica #SECOPII #Licitaciones #Consorcio #RUP #AlianzasEstrategicas,¿Buscas socio técnico para un proceso? Escríbenos.,https://raw.githubusercontent.com/Yair48/sosing-social/main/sosing_dia_06.png
7,2026-09-02,Río Guatapurí: el patrimonio hídrico de Valledupar,"El Guatapurí nace en la Sierra Nevada de Santa Marta, a más de 4.000 metros, y baja hasta Valledupar. Es la fuente de abastecimiento de la ciudad y, para quien nació aquí, bastante más que eso.

Un río de montaña como el Guatapurí tiene un comportamiento que hay que respetar: caudales bajos en la temporada seca y crecientes rápidas y violentas cuando llueve fuerte en la parte alta. Esa variabilidad es la razón por la que las obras sobre cauce en esta cuenca exigen estudios hidrológicos e hidráulicos serios, no estimaciones.

Y es la razón por la que lo que pasa en la parte alta —la cobertura vegetal de la Sierra— define lo que llega abajo. La cuenca no empieza en el balneario. Empieza en el páramo.

Cuidar el Guatapurí no es un tema ambiental abstracto. Es la seguridad hídrica de una ciudad de más de 500.000 habitantes.","El Guatapurí nace a más de 4.000 metros en la Sierra Nevada y baja hasta Valledupar.

Caudales bajos en seca. Crecientes rápidas y violentas cuando llueve arriba.

Esa variabilidad es la razón por la que las obras sobre cauce aquí exigen estudios hidrológicos e hidráulicos serios, no estimaciones.

Y por la que lo que pasa en la parte alta define lo que llega abajo.

La cuenca no empieza en el balneario. Empieza en el páramo.",#SOSING #Valledupar #Cesar #SierraNevada #MedioAmbiente #Caribe #Colombia #Biodiversidad,,https://raw.githubusercontent.com/Yair48/sosing-social/main/sosing_dia_07.png
8,2026-09-03,Concesión de aguas: el trámite que todo predio productivo olvida,"Si usted capta agua de un río, de una quebrada, de un jagüey o de un pozo profundo —para riego, para ganadería, para un proceso industrial o para consumo— necesita concesión de aguas.

No importa que el pozo esté dentro de su predio. El agua subterránea no es del dueño del terreno. En Colombia el agua es un bien de uso público y su aprovechamiento requiere autorización de la autoridad ambiental.

Lo que exige el trámite:

· Identificación y georreferenciación del punto de captación
· Caudal solicitado, justificado técnicamente según el uso
· Para pozos: prueba de bombeo y caracterización del acuífero
· Plan de uso eficiente y ahorro del agua (PUEAA) si el uso lo amerita
· Servidumbres y linderos claros

El error clásico: pedir ""el caudal que dé el pozo"". La autoridad no concesiona lo que dé el pozo; concesiona lo que usted demuestre que necesita. Un módulo de consumo mal calculado es la causa número uno de requerimientos.

Y el otro error: perforar primero y legalizar después. Eso convierte un trámite ordinario en un proceso sancionatorio.","¿Capta agua de un río, quebrada, jagüey o pozo? Necesita concesión de aguas.

Y sí: aunque el pozo esté dentro de su predio. El agua subterránea no es del dueño del terreno — en Colombia el agua es un bien de uso público.

Los dos errores clásicos:

1. Pedir ""el caudal que dé el pozo"". La autoridad concesiona lo que usted DEMUESTRE que necesita, no lo que el pozo entregue.

2. Perforar primero y legalizar después. Eso convierte un trámite ordinario en un proceso sancionatorio.",#SOSING #Valledupar #Cesar #NormativaAmbiental #CORPOCESAR #LicenciaAmbiental #GestionAmbiental #IngenieriaAmbiental,,https://raw.githubusercontent.com/Yair48/sosing-social/main/sosing_dia_08.png
9,2026-09-04,Inventario forestal: cómo se hace de verdad,"Un inventario forestal no es contar árboles.

Es un ejercicio estadístico con reglas, y de cómo se haga depende que la autoridad apruebe o devuelva el trámite.

El procedimiento real:

1. DEFINIR EL TIPO. Inventario al 100% (censo) cuando el área es pequeña o el aprovechamiento es único. Por muestreo cuando el área es extensa — y ahí hay que justificar el diseño y el error de muestreo admisible.

2. ESTABLECER LAS PARCELAS. Georreferenciadas, con forma y tamaño definidos según la cobertura. En bosque seco tropical no se usa el mismo diseño que en bosque de galería.

3. MEDIR. DAP a 1,30 m del suelo, altura total y altura comercial, y estado fitosanitario. Cada individuo se marca y se registra.

4. IDENTIFICAR. Nombre científico, no ""guayacán"" a secas. Si no hay certeza en campo, se colecta y se lleva a herbario.

5. CALCULAR. Volumen por individuo, volumen total, volumen comercial. Y aquí entra el factor de forma, que no es 0,7 porque sí.

6. ANALIZAR. Estructura horizontal y vertical, índice de valor de importancia, diversidad.

El paso donde más se falla es el 4. Una identificación taxonómica errada puede significar que se autorizó el aprovechamiento de una especie vedada. Eso ya no es un requerimiento: es un problema sancionatorio.","Un inventario forestal no es contar árboles.

El procedimiento real:
1. Definir tipo — censo o muestreo (y justificar el diseño)
2. Establecer parcelas georreferenciadas
3. Medir DAP a 1,30 m, altura total y comercial
4. Identificar con nombre científico ← aquí falla todo el mundo
5. Calcular volumen con factor de forma justificado
6. Analizar estructura, IVI y diversidad

Una identificación taxonómica errada puede significar que se autorizó aprovechar una especie vedada.

Eso ya no es un requerimiento. Es un sancionatorio.",#SOSING #Valledupar #Cesar #IngenieriaAmbiental #TrabajoDeCampo #ConsultoriaAmbiental #IngenieriaColombia #Ingenieria,,https://raw.githubusercontent.com/Yair48/sosing-social/main/sosing_dia_09.png
10,2026-09-05,Temporada seca en el Cesar: incendios de cobertura vegetal,"Entre diciembre y marzo el Cesar se seca. Y con la sequía llegan los incendios de cobertura vegetal.

Casi ninguno es espontáneo. La gran mayoría tiene origen antrópico: quemas para preparación de tierras que se salen de control, quemas de residuos, colillas, fogatas mal apagadas.

Lo que un municipio debería tener listo ANTES de que empiece la temporada, y casi nunca tiene:

· Mapa de susceptibilidad a incendios de cobertura vegetal, actualizado
· Identificación de los corredores críticos y de las zonas de interfaz urbano-rural
· Protocolo de respuesta con roles asignados por nombre, no por cargo genérico
· Inventario real de equipos: bombas de espalda, batefuegos, herramienta manual, EPP
· Puntos de abastecimiento de agua identificados y con acceso verificado
· Acuerdos previos con bomberos, defensa civil, Ejército y propietarios rurales
· Campaña de prevención iniciada en NOVIEMBRE, no en enero

El error más costoso es tratar la temporada seca como una emergencia imprevista. Es un evento anual, con fecha aproximada conocida. Lo que se puede planear no debería sorprender.

Si su municipio va a preparar la temporada 2026-2027, este es el mes de empezar.","Entre diciembre y marzo el Cesar se seca. Y llegan los incendios de cobertura vegetal.

Casi ninguno es espontáneo. La mayoría tiene origen antrópico.

Lo que un municipio debería tener listo ANTES:
· Mapa de susceptibilidad actualizado
· Corredores críticos identificados
· Protocolo con roles por nombre, no por cargo
· Inventario real de equipos y EPP
· Puntos de agua con acceso verificado
· Campaña de prevención desde NOVIEMBRE

La temporada seca no es una emergencia imprevista. Es un evento anual con fecha conocida.

Lo que se puede planear no debería sorprender.",#SOSING #Valledupar #Cesar #GestionDelRiesgo #Ley1523 #GestionDelRiesgoDeDesastres #ResilienciaTerritorial #Prevencion,,https://raw.githubusercontent.com/Yair48/sosing-social/main/sosing_dia_10.png
11,2026-09-06,Pérdidas en redes: el agua que se produce y nunca se cobra,"Un municipio puede estar produciendo agua suficiente y aun así tener desabastecimiento. La causa suele ser una sola: pérdidas en la red.

El indicador se llama IANC — Índice de Agua No Contabilizada. Es la diferencia entre el agua que entra al sistema y el agua que efectivamente se factura.

En Colombia la meta regulatoria ronda el 30%. La realidad de muchos sistemas rurales y de municipios pequeños está muy por encima.

Las pérdidas son de dos tipos y se atacan distinto:

PÉRDIDAS TÉCNICAS (físicas)
· Fugas en tuberías envejecidas y en accesorios
· Rebose de tanques por falta de control de nivel
· Purgas y lavados sin registro
→ Se atacan con sectorización, catastro de redes, detección acústica y reposición.

PÉRDIDAS COMERCIALES
· Micromedición inexistente o con medidores vencidos
· Conexiones fraudulentas
· Errores de facturación y catastro de usuarios desactualizado
→ Se atacan con catastro de usuarios, reposición de medidores y control.

Aquí está el punto que casi siempre se ignora: **antes de invertir en una nueva captación, hay que saber cuánta agua se está perdiendo.** Ampliar la producción de un sistema que pierde el 60% es llenar un balde roto con una manguera más grande.

El diagnóstico cuesta una fracción de la obra. Y muchas veces evita la obra.","Un municipio puede producir agua suficiente y aun así tener desabastecimiento.

La causa: pérdidas en la red. El indicador se llama IANC.

Pérdidas TÉCNICAS: fugas, rebose de tanques, purgas sin registro.
→ Sectorización, catastro de redes, detección acústica.

Pérdidas COMERCIALES: sin micromedición, medidores vencidos, conexiones fraudulentas.
→ Catastro de usuarios, reposición, control.

El punto que se ignora: antes de invertir en una nueva captación, hay que saber cuánta agua se pierde.

Ampliar un sistema que pierde el 60% es llenar un balde roto con una manguera más grande.",#SOSING #Valledupar #Cesar #AguaPotable #Saneamiento #IngenieriaSanitaria #AguaParaTodos #RecursoHidrico,,https://raw.githubusercontent.com/Yair48/sosing-social/main/sosing_dia_11.png
12,2026-09-07,Un día en campo empieza a las 4:30,"Un aforo de caudal no se hace a las 10 de la mañana.

Se hace temprano, porque las condiciones del cauce son más estables, porque el sol de mediodía en el Cesar castiga y porque después hay que llevar las muestras al laboratorio dentro de los tiempos de preservación.

Entonces el día empieza a las 4:30. Se carga la camioneta con el correntómetro, la mira, la GPS, las neveras con hielo, los frascos rotulados, las cadenas de custodia, los EPP y el agua para el equipo. Se llega al punto con luz. Se hace el trabajo. Se documenta cada medición en formato y se fotografía.

Y a las 6 de la tarde alguien está transcribiendo los datos de campo a la memoria de cálculo, porque los datos que no se procesan el mismo día son datos que se pierden.

Nada de esto sale en una propuesta comercial. Pero es exactamente la diferencia entre un informe que sustenta una decisión y uno que solo llena un requisito.","Un aforo de caudal no se hace a las 10 de la mañana.

4:30 a.m. — Cargar: correntómetro, mira, GPS, neveras con hielo, frascos rotulados, cadenas de custodia, EPP.

Se llega con luz. Se mide. Se documenta cada dato en formato. Se fotografía.

6:00 p.m. — Alguien transcribe los datos a la memoria de cálculo. Porque los datos que no se procesan el mismo día son datos que se pierden.

Nada de esto sale en una propuesta comercial.

Pero es la diferencia entre un informe que sustenta una decisión y uno que llena un requisito.",#SOSING #Valledupar #Cesar #EquipoSOSING #IngenieriaColombia #TalentoDelCesar #SeguridadYSalud #OrgulloVallenato,,https://raw.githubusercontent.com/Yair48/sosing-social/main/sosing_dia_12.png
13,2026-09-08,Capacidad residual: por qué una buena empresa pierde procesos,"Hay empresas técnicamente sólidas que quedan fuera de procesos que podían ejecutar. La causa casi siempre es la misma: capacidad residual.

La capacidad residual mide cuánta contratación NUEVA puede asumir un proponente, descontando lo que ya tiene en ejecución. Es la forma en que el Estado evita que una empresa se comprometa más allá de lo que puede cumplir.

Se calcula combinando:
· Experiencia
· Capacidad financiera
· Capacidad técnica (personal de planta)
· Capacidad de organización
· Saldos de contratos en ejecución ← el que la reduce

Dos consecuencias prácticas que conviene tener claras:

1. Ganar un contrato grande puede dejarlo por fuera del siguiente. Por eso la secuencia de participación se planea, no se improvisa. Presentarse a todo lo que salga es una estrategia que se devuelve.

2. La capacidad residual es una de las razones por las que existen los consorcios. Al sumar proponentes se suman capacidades, y un proceso que ninguno alcanzaba por separado se vuelve viable para los dos.

Nosotros trabajamos así: identificamos temprano qué procesos exigen consorcio y buscamos el socio complementario antes del cierre, no la noche anterior.

Si su empresa tiene músculo financiero y necesita experiencia técnica acreditada en ambiental, forestal o gestión del riesgo — hablemos.","Empresas técnicamente sólidas quedan fuera de procesos que podían ejecutar.

La causa: capacidad residual.

Mide cuánta contratación NUEVA puede asumir un proponente, descontando lo que ya tiene en ejecución.

Dos consecuencias prácticas:

1. Ganar un contrato grande puede dejarlo fuera del siguiente. La secuencia de participación se planea, no se improvisa.

2. Es una de las razones por las que existen los consorcios: al sumar proponentes se suman capacidades.

¿Su empresa tiene músculo financiero y necesita experiencia técnica acreditada? Hablemos.",#SOSING #Valledupar #Cesar #ContratacionPublica #SECOPII #Licitaciones #Consorcio #RUP #AlianzasEstrategicas,Alianzas: comercial@sosinggroup.com,https://raw.githubusercontent.com/Yair48/sosing-social/main/sosing_dia_13.png
14,2026-09-09,Sierra Nevada de Santa Marta: la fábrica de agua de tres departamentos,"La Sierra Nevada de Santa Marta es la montaña costera más alta del mundo. Sube de 0 a 5.700 metros en menos de 50 kilómetros de distancia horizontal.

Esa pendiente extrema produce algo poco común: casi todos los pisos térmicos del planeta comprimidos en un solo macizo. Y con ellos, un sistema hídrico del que dependen tres departamentos — Cesar, Magdalena y La Guajira.

De la Sierra bajan más de 30 ríos. Entre ellos el Guatapurí, que abastece a Valledupar.

Lo que esto significa en términos prácticos: la disponibilidad de agua de nuestra ciudad no se decide en Valledupar. Se decide arriba, en la cobertura vegetal de la cuenca alta, en los glaciares que retroceden y en el uso del suelo de la parte media.

Cualquier planificación hídrica seria en el Cesar tiene que mirar hacia la Sierra. Y cualquier obra en la parte baja que ignore lo que pasa arriba está mal diseñada.","La Sierra Nevada de Santa Marta es la montaña costera más alta del mundo.

De 0 a 5.700 metros en menos de 50 km horizontales.

Esa pendiente comprime casi todos los pisos térmicos del planeta en un solo macizo. Y produce un sistema hídrico del que dependen Cesar, Magdalena y La Guajira.

Más de 30 ríos bajan de ahí. Entre ellos el Guatapurí.

La disponibilidad de agua de Valledupar no se decide en Valledupar. Se decide arriba.",#SOSING #Valledupar #Cesar #SierraNevada #MedioAmbiente #Caribe #Colombia #Biodiversidad,,https://raw.githubusercontent.com/Yair48/sosing-social/main/sosing_dia_14.png
15,2026-09-10,Licencia ambiental vs. permiso ambiental: no son lo mismo,"Se usan como sinónimos y no lo son. La confusión cuesta tiempo y dinero.

LICENCIA AMBIENTAL
Es la autorización para ejecutar un proyecto, obra o actividad de las que están taxativamente listadas en el Decreto 1076 de 2015 (artículos 2.2.2.3.2.2 y 2.2.2.3.2.3). Si su proyecto no está en esa lista, NO requiere licencia. Y si está, no hay forma de evitarla.

La licencia es un instrumento que engloba: incluye dentro de sí todos los permisos de uso de recursos naturales que el proyecto necesite. Un proyecto licenciado no tramita aparte la concesión de aguas ni el permiso de vertimientos: van dentro.

PERMISO AMBIENTAL
Es la autorización puntual para usar o afectar un recurso específico: concesión de aguas, permiso de vertimientos, aprovechamiento forestal, ocupación de cauce, emisiones atmosféricas.

Aplica a las actividades que NO requieren licencia pero sí usan recursos naturales.

QUIÉN LOS OTORGA
· ANLA: proyectos de competencia nacional (hidrocarburos, grandes vías, minería de cierta escala, etc.)
· CORPOCESAR y demás CAR: competencia regional
· Autoridades urbanas en algunos casos

EL ERROR CARO
Tramitar permisos individuales para un proyecto que requería licencia. Se pierde el tiempo del trámite, se pierde el dinero de los estudios y se empieza de cero — con la obra parada.

La determinación de competencia y de necesidad de licencia se hace ANTES de gastar el primer peso en estudios.","Licencia ambiental ≠ permiso ambiental. La confusión cuesta tiempo y dinero.

LICENCIA: autoriza un proyecto de los listados taxativamente en el Decreto 1076. Es un instrumento ENGLOBANTE — incluye adentro todos los permisos de recursos que el proyecto necesite.

PERMISO: autoriza el uso puntual de un recurso (agua, vertimiento, forestal, cauce, emisiones). Para actividades que NO requieren licencia.

El error caro: tramitar permisos sueltos para un proyecto que requería licencia. Se pierde el trámite, el dinero de los estudios, y se empieza de cero con la obra parada.

La determinación de competencia va ANTES del primer peso en estudios.",#SOSING #Valledupar #Cesar #NormativaAmbiental #CORPOCESAR #LicenciaAmbiental #GestionAmbiental #IngenieriaAmbiental,,https://raw.githubusercontent.com/Yair48/sosing-social/main/sosing_dia_15.png
16,2026-09-11,Aforo de caudales: cómo se mide un río,"¿Cómo se sabe cuánta agua lleva un río? No se estima. Se mide.

El método más usado en Colombia es el de área-velocidad con correntómetro (molinete). Así funciona:

1. SE ESCOGE LA SECCIÓN. Tramo recto, flujo laminar, sin remolinos ni obstrucciones, lecho estable. Escoger mal la sección invalida todo lo demás.

2. SE DIVIDE EN VERTICALES. Se tiende una cinta de margen a margen y se divide el ancho en verticales. Regla práctica: ninguna vertical debe llevar más del 10% del caudal total.

3. SE MIDE PROFUNDIDAD Y VELOCIDAD en cada vertical. Si la profundidad es menor a 60 cm, se mide la velocidad a 0,6 de la profundidad desde la superficie. Si es mayor, se mide a 0,2 y a 0,8 y se promedia.

4. SE CALCULA. Caudal de cada subsección = área × velocidad media. Se suman todas.

Para caudales pequeños se usa el método volumétrico (cronómetro y recipiente aforado) y para cauces turbulentos, trazadores.

Un dato para dimensionar por qué importa: el caudal es la variable que define el tamaño de una captación, la capacidad de una planta, el diseño de un puente y el caudal ecológico que hay que dejar en el río. Un aforo mal hecho se propaga a todas esas decisiones.

Por eso se mide. Y se mide bien.","¿Cómo se sabe cuánta agua lleva un río? No se estima. Se mide.

Método área-velocidad con correntómetro:

1. Escoger la sección — tramo recto, flujo laminar, lecho estable
2. Dividir en verticales — ninguna con más del 10% del caudal
3. Medir profundidad y velocidad
   · < 60 cm → velocidad a 0,6 de la profundidad
   · > 60 cm → a 0,2 y 0,8, y se promedia
4. Q = Σ (área × velocidad media)

El caudal define el tamaño de una captación, la capacidad de una planta, el diseño de un puente y el caudal ecológico.

Un aforo mal hecho se propaga a todas esas decisiones.",#SOSING #Valledupar #Cesar #IngenieriaAmbiental #TrabajoDeCampo #ConsultoriaAmbiental #IngenieriaColombia #Ingenieria,,https://raw.githubusercontent.com/Yair48/sosing-social/main/sosing_dia_16.png
17,2026-09-12,"Estudios de amenaza, vulnerabilidad y riesgo para el POT","Desde el Decreto 1077 de 2015, ningún municipio puede adoptar o revisar su Plan de Ordenamiento Territorial sin incorporar estudios básicos de amenaza, vulnerabilidad y riesgo.

En la práctica esto significa que el riesgo dejó de ser un capítulo decorativo del POT y pasó a ser un condicionante de lo que se puede construir y dónde.

Los estudios básicos deben cubrir, como mínimo, tres fenómenos:
· Inundación
· Avenidas torrenciales
· Movimientos en masa

Y deben producir cartografía a la escala que exige la norma: 1:5.000 en suelo urbano y de expansión, 1:25.000 en suelo rural.

De ahí salen tres categorías de suelo que definen decisiones concretas:

· AMENAZA ALTA sin estudio detallado → suelo condicionado, no se puede urbanizar hasta que se haga
· RIESGO MITIGABLE → se puede intervenir, con obras de mitigación cuantificadas y presupuestadas
· RIESGO NO MITIGABLE → suelo de protección. No se urbaniza. Y si hay población asentada, hay que formular reasentamiento

El punto que suele generar más tensión política: declarar riesgo no mitigable congela expectativas de desarrollo sobre predios que a veces ya se vendieron como urbanizables. Por eso estos estudios tienen que estar técnicamente blindados. Un estudio débil se cae en la primera acción jurídica.

No es un requisito de trámite. Es la base sobre la que se defiende una decisión de ordenamiento.","Desde el Decreto 1077 de 2015, ningún POT se adopta sin estudios de amenaza, vulnerabilidad y riesgo.

Mínimo 3 fenómenos: inundación, avenidas torrenciales, movimientos en masa.
Escalas: 1:5.000 urbano · 1:25.000 rural.

Y producen 3 categorías con consecuencias reales:

AMENAZA ALTA sin detalle → no se urbaniza hasta hacerlo
RIESGO MITIGABLE → se interviene con obras cuantificadas
RIESGO NO MITIGABLE → suelo de protección + reasentamiento

Declarar riesgo no mitigable congela predios que a veces ya se vendieron como urbanizables.

Por eso el estudio tiene que estar blindado. Uno débil se cae en la primera acción jurídica.",#SOSING #Valledupar #Cesar #GestionDelRiesgo #Ley1523 #GestionDelRiesgoDeDesastres #ResilienciaTerritorial #Prevencion,,https://raw.githubusercontent.com/Yair48/sosing-social/main/sosing_dia_17.png
18,2026-09-13,PTAR: los lodos son el residuo que nadie planea,"Se diseña la planta de tratamiento de aguas residuales, se construye, se pone en marcha. Y a los seis meses aparece el problema que no estaba en el presupuesto: qué hacer con los lodos.

Toda PTAR produce lodos. Es inevitable: el tratamiento consiste precisamente en concentrar la carga contaminante en una fracción sólida para liberar el agua. Esa fracción sólida hay que manejarla.

Un lodo de PTAR municipal sin tratar es un residuo con carga patógena alta. No se puede disponer en cualquier parte, no se puede aplicar al suelo sin cumplir el Decreto 1287 de 2014, y su manejo tiene un costo operativo permanente.

La línea de lodos completa incluye:
· Espesamiento — reducir volumen
· Estabilización — digestión anaerobia, aerobia o encalado, para bajar patógenos y olores
· Deshidratación — lechos de secado, filtro prensa o centrífuga
· Disposición o aprovechamiento final

El error de diseño más común y más caro: dimensionar impecablemente la línea de agua y resolver la línea de lodos con dos lechos de secado y buena voluntad. A los pocos meses los lechos están saturados, el lodo se acumula, la planta pierde eficiencia y termina descargando peor que antes de construirla.

Una PTAR sin línea de lodos resuelta no es una PTAR. Es un problema aplazado con concreto.","Se diseña la PTAR, se construye, arranca. Y a los 6 meses aparece lo que no estaba en el presupuesto: los lodos.

Toda PTAR produce lodos. El tratamiento consiste justamente en concentrar la carga en una fracción sólida.

La línea de lodos completa:
· Espesamiento
· Estabilización (digestión o encalado)
· Deshidratación
· Disposición o aprovechamiento (Decreto 1287 de 2014)

El error más caro: dimensionar impecable la línea de agua y resolver los lodos con dos lechos de secado y buena voluntad.

Una PTAR sin línea de lodos resuelta no es una PTAR. Es un problema aplazado con concreto.",#SOSING #Valledupar #Cesar #AguaPotable #Saneamiento #IngenieriaSanitaria #AguaParaTodos #RecursoHidrico,,https://raw.githubusercontent.com/Yair48/sosing-social/main/sosing_dia_18.png
19,2026-09-14,Cómo revisamos un entregable antes de radicarlo,"Un informe técnico que se radica con un error de cálculo no se corrige con una disculpa. Genera un requerimiento, y un requerimiento son semanas.

Por eso ningún entregable sale de aquí con una sola revisión.

Nuestro control de calidad tiene tres filtros:

1. AUTOCONTROL. El profesional que elaboró revisa su propio producto contra la lista de chequeo del entregable y contra los términos de referencia. No contra lo que él cree que pedían: contra el documento.

2. REVISIÓN CRUZADA. Otro profesional del área revisa. Se verifican memorias de cálculo rehaciendo los cálculos críticos, se contrastan las cifras del texto contra las de las tablas y los anexos, y se comprueba que la cartografía coincida con lo descrito.

3. REVISIÓN DE COORDINACIÓN. Se valida coherencia entre capítulos, cumplimiento de la totalidad de los términos de referencia y completitud de anexos, planos, formatos de campo y cadenas de custodia.

El filtro 2 es el que más errores atrapa. Nadie encuentra sus propios errores de transcripción: el cerebro lee lo que quiso escribir.

Suena burocrático. Es lo contrario: es lo que evita la burocracia de los requerimientos.","Un informe radicado con error de cálculo no se corrige con una disculpa. Genera un requerimiento. Y un requerimiento son semanas.

Nuestros 3 filtros:

1. AUTOCONTROL — contra la lista de chequeo y los TdR. No contra lo que uno cree que pedían.

2. REVISIÓN CRUZADA — otro profesional rehace los cálculos críticos y contrasta texto vs. tablas vs. cartografía.

3. COORDINACIÓN — coherencia entre capítulos, TdR completos, anexos y cadenas de custodia.

El filtro 2 atrapa más errores que los otros dos. Nadie encuentra sus propios errores de transcripción: el cerebro lee lo que quiso escribir.",#SOSING #Valledupar #Cesar #EquipoSOSING #IngenieriaColombia #TalentoDelCesar #SeguridadYSalud #OrgulloVallenato,,https://raw.githubusercontent.com/Yair48/sosing-social/main/sosing_dia_19.png
20,2026-09-15,Consorcio o unión temporal: cuál conviene,"Las dos son formas de asociarse para presentar una oferta. No son intercambiables, y escoger mal tiene consecuencias reales.

CONSORCIO
· Todos los miembros responden SOLIDARIAMENTE por la totalidad del cumplimiento
· Las sanciones por incumplimiento afectan a todos los integrantes, por igual
· No se declaran porcentajes de participación para efectos de responsabilidad

UNIÓN TEMPORAL
· También hay responsabilidad solidaria frente al cumplimiento del objeto
· PERO las sanciones se imponen según el porcentaje de participación que cada uno declare en la ejecución
· Ese porcentaje se define en el documento de constitución y no se puede modificar después sin autorización de la entidad

La consecuencia práctica: si usted va a asociarse con alguien cuya ejecución no controla directamente, la unión temporal limita su exposición sancionatoria a su porcentaje. En el consorcio, no.

Tres reglas que le ahorran problemas:

1. El documento de constitución se redacta con cuidado, no se copia. Ahí se define quién hace qué, quién aporta qué experiencia y cómo se reparte.
2. El representante de la figura asociativa se designa expresamente y sus facultades se delimitan.
3. Los porcentajes de participación en la UT deben ser coherentes con la experiencia que cada uno aporta. Una incoherencia ahí es causal de rechazo en varios pliegos.

En SOSING hemos trabajado ambas figuras. La escogencia depende del proceso, no de la costumbre.","Consorcio o unión temporal. No son intercambiables.

CONSORCIO
· Responsabilidad solidaria total
· Las sanciones afectan a todos por igual
· Sin porcentajes para efectos sancionatorios

UNIÓN TEMPORAL
· También solidaria frente al objeto
· PERO las sanciones se imponen según el % declarado por cada uno

Si va a asociarse con alguien cuya ejecución no controla, la UT limita su exposición.

3 reglas:
1. El documento de constitución se redacta, no se copia
2. Las facultades del representante se delimitan
3. Los % deben ser coherentes con la experiencia aportada — si no, hay causal de rechazo",#SOSING #Valledupar #Cesar #ContratacionPublica #SECOPII #Licitaciones #Consorcio #RUP #AlianzasEstrategicas,¿Estructurando una oferta? Escríbenos.,https://raw.githubusercontent.com/Yair48/sosing-social/main/sosing_dia_20.png
21,2026-09-16,Ciénaga de Zapatosa: el mayor complejo cenagoso de agua dulce del país,"En el sur del Cesar, donde el río Cesar se encuentra con el Magdalena, está la Ciénaga de Zapatosa: el complejo cenagoso de agua dulce más grande de Colombia.

Su superficie no es fija. Se expande y se contrae con los ciclos de lluvia, y esa pulsación es exactamente lo que la mantiene viva. En aguas altas inunda planicies y funciona como amortiguador natural de crecientes del Magdalena; en aguas bajas deja al descubierto playones donde se concentran los peces y donde las comunidades pescan.

Ese ritmo sostiene la pesca artesanal de miles de familias en Chimichagua, Tamalameque, Curumaní y Chiriguaná.

Está declarada Sitio Ramsar — humedal de importancia internacional. Ese reconocimiento no la protege sola: enfrenta sedimentación, desecación para ganadería, deforestación de bosque ribereño y contaminación de las cuencas aportantes.

Aquí hay algo que vale la pena entender: en una ciénaga, la amenaza no suele ser un evento. Es una acumulación lenta de decisiones pequeñas — un jarillón aquí, un potrero ganado allá, un caño taponado— que juntas cambian la dinámica hídrica de todo el sistema.

Por eso el ordenamiento de estos territorios no se hace por predio. Se hace por cuenca.","Donde el río Cesar se encuentra con el Magdalena está la Ciénaga de Zapatosa: el mayor complejo cenagoso de agua dulce de Colombia.

Su superficie no es fija. Se expande y se contrae con las lluvias — y esa pulsación es lo que la mantiene viva.

En aguas altas amortigua crecientes del Magdalena. En aguas bajas deja playones donde se concentra la pesca.

Sitio Ramsar. Sostiene la pesca artesanal de miles de familias.

En una ciénaga la amenaza rara vez es un evento. Es la acumulación de decisiones pequeñas: un jarillón, un potrero ganado, un caño taponado.

Por eso estos territorios no se ordenan por predio. Se ordenan por cuenca.",#SOSING #Valledupar #Cesar #SierraNevada #MedioAmbiente #Caribe #Colombia #Biodiversidad,,https://raw.githubusercontent.com/Yair48/sosing-social/main/sosing_dia_21.png
22,2026-09-17,PSMV: la obligación municipal que CORPOCESAR sí verifica,"Todo prestador del servicio de alcantarillado en Colombia debe tener un Plan de Saneamiento y Manejo de Vertimientos aprobado por la autoridad ambiental. Lo estableció la Resolución 1433 de 2004.

Qué es en la práctica: el programa con el que un municipio se compromete, con metas y fechas, a reducir la carga contaminante que descarga a sus fuentes hídricas.

Qué contiene:
· Diagnóstico del sistema de alcantarillado y de cada punto de vertimiento
· Identificación y caracterización de los vertimientos, con laboratorio acreditado
· Objetivos de reducción de carga de DBO5 y SST, por punto y con horizonte definido
· Programa de obras e inversiones, costeado y con fuentes de financiación
· Cronograma con metas anuales verificables
· Indicadores de seguimiento

Y aquí está lo que hace la diferencia entre un PSMV real y uno de papel: **el PSMV se reporta anualmente y la autoridad hace seguimiento al cumplimiento de las metas.**

Un PSMV formulado con metas que el municipio no puede financiar no es un logro administrativo. Es una obligación autoimpuesta que después se incumple, y el incumplimiento del PSMV es causal de proceso sancionatorio.

Formularlo bien significa metas ambiciosas pero financiables, con fuentes identificadas: SGP, regalías, recursos propios, cofinanciación nacional.

Es un documento técnico y financiero al mismo tiempo. Ahí se equivoca mucha gente.","Todo prestador de alcantarillado debe tener PSMV aprobado (Resolución 1433 de 2004).

Es el programa con metas y fechas para reducir la carga contaminante que el municipio descarga.

Contiene: diagnóstico, caracterización con laboratorio acreditado, metas de reducción de DBO5 y SST, obras costeadas, cronograma e indicadores.

Lo que hace la diferencia: el PSMV se reporta cada año y la autoridad verifica el cumplimiento de las metas.

Un PSMV con metas que el municipio no puede financiar no es un logro. Es una obligación autoimpuesta que después se incumple — y eso es causal de sancionatorio.

Metas ambiciosas, pero financiables.",#SOSING #Valledupar #Cesar #NormativaAmbiental #CORPOCESAR #LicenciaAmbiental #GestionAmbiental #IngenieriaAmbiental,,https://raw.githubusercontent.com/Yair48/sosing-social/main/sosing_dia_22.png
23,2026-09-18,Caracterización de vertimientos: la cadena de custodia importa tanto como el laboratorio,"Una caracterización de vertimientos puede caerse aunque el laboratorio sea impecable. Se cae en el muestreo.

Lo que hay que hacer bien, en orden:

EL PUNTO. Se muestrea donde la norma exige: antes de la mezcla con el cuerpo receptor, en un punto de flujo homogéneo, accesible y seguro. Georreferenciado y fotografiado.

EL TIPO DE MUESTRA. Puntual solo si el vertimiento es estable. Si varía en el día —y casi siempre varía— se hace muestra compuesta, con alícuotas proporcionales al caudal, durante la jornada representativa de operación. La Resolución 0631 de 2015 define los parámetros; el tipo de muestra lo define la variabilidad del proceso.

LOS ENVASES Y LA PRESERVACIÓN. Cada parámetro exige su envase y su preservante. Grasas y aceites en vidrio boca ancha. Metales acidificados. DBO5 refrigerada a 4 °C y analizada dentro del tiempo máximo de conservación. Un frasco equivocado invalida el parámetro.

LA CADENA DE CUSTODIA. Documento firmado que registra quién tomó la muestra, cuándo, en qué condiciones, quién la transportó y quién la recibió en laboratorio. Sin cadena de custodia completa, el resultado no es defendible.

EL LABORATORIO. Debe estar acreditado por el IDEAM **para el parámetro específico**. No basta con que el laboratorio esté acreditado: la acreditación es por matriz y por parámetro.

El error que más veces hemos visto: muestra puntual tomada a las 9 a.m. en un proceso que descarga distinto a las 3 p.m. El resultado es real, pero no representa nada. Y no representa nada de forma cara.","Una caracterización de vertimientos puede caerse aunque el laboratorio sea impecable. Se cae en el muestreo.

· EL PUNTO — antes de la mezcla, flujo homogéneo, georreferenciado
· EL TIPO — compuesta con alícuotas proporcionales al caudal si el vertimiento varía (y casi siempre varía)
· ENVASES — grasas en vidrio, metales acidificados, DBO5 a 4 °C. Frasco equivocado = parámetro perdido
· CADENA DE CUSTODIA — sin ella, el resultado no es defendible
· LABORATORIO — acreditado IDEAM para ESE parámetro. La acreditación es por matriz y parámetro

El error más común: muestra puntual a las 9 a.m. en un proceso que descarga distinto a las 3 p.m.

El resultado es real. Pero no representa nada.",#SOSING #Valledupar #Cesar #IngenieriaAmbiental #TrabajoDeCampo #ConsultoriaAmbiental #IngenieriaColombia #Ingenieria,,https://raw.githubusercontent.com/Yair48/sosing-social/main/sosing_dia_23.png
24,2026-09-19,Sistemas de alerta temprana: la tecnología es la parte fácil,"Un sistema de alerta temprana no es un sensor. Es una cadena, y la cadena se rompe casi siempre en el mismo eslabón.

Los cuatro componentes, según el marco de la UNGRD y de Naciones Unidas:

1. CONOCIMIENTO DEL RIESGO. Saber qué amenaza, dónde, a quién y con qué severidad. Sin esto no se sabe ni dónde poner el sensor.

2. MONITOREO Y PRONÓSTICO. Los instrumentos: limnímetros, pluviómetros, estaciones automáticas. Con umbrales definidos técnicamente — a qué nivel se emite alerta amarilla, naranja, roja.

3. COMUNICACIÓN Y DIFUSIÓN. Que la alerta llegue a quien tiene que actuar, en un canal que esa persona efectivamente usa, en un lenguaje que entienda, a la hora que sea.

4. CAPACIDAD DE RESPUESTA. Que la gente sepa QUÉ HACER cuando le llega la alerta. Rutas de evacuación conocidas, puntos de encuentro definidos, simulacros hechos.

El eslabón 4 es donde se rompen casi todos.

Hay municipios con instrumentación buena, datos en tiempo real y umbrales bien calculados, donde la alerta llega... y no pasa nada. Porque nadie definió quién toca la campana, nadie sabe a dónde correr y el simulacro nunca se hizo.

Un sensor de nivel cuesta unos millones. Una comunidad organizada que sabe qué hacer cuesta reuniones, tiempo y constancia. Adivine cuál de los dos salva más vidas.

Los SAT comunitarios más efectivos que existen en Colombia combinan instrumentación sencilla con organización comunitaria fuerte. En ese orden de importancia.","Un sistema de alerta temprana no es un sensor. Es una cadena de 4 eslabones:

1. Conocimiento del riesgo
2. Monitoreo y pronóstico con umbrales definidos
3. Comunicación que llega a quien debe actuar
4. Capacidad de respuesta ← aquí se rompen casi todos

Hay municipios con instrumentación buena y datos en tiempo real donde la alerta llega... y no pasa nada. Porque nadie definió quién toca la campana y el simulacro nunca se hizo.

Un sensor cuesta millones. Una comunidad organizada cuesta reuniones, tiempo y constancia.

Adivine cuál salva más vidas.",#SOSING #Valledupar #Cesar #GestionDelRiesgo #Ley1523 #GestionDelRiesgoDeDesastres #ResilienciaTerritorial #Prevencion,,https://raw.githubusercontent.com/Yair48/sosing-social/main/sosing_dia_24.png
25,2026-09-20,Acueductos veredales: por qué se construyen y a los tres años no funcionan,"Es una historia que se repite en todo el país. Se construye el acueducto veredal, se inaugura, y tres años después está fuera de servicio.

Casi nunca falla la obra. Falla lo que no se diseñó:

NO SE DEFINIÓ QUIÉN OPERA. Sin una organización comunitaria legalmente constituida —junta administradora, asociación de usuarios— no hay responsable. Y lo que es de todos no es de nadie.

NO HAY TARIFA. Un sistema tiene costos: cloro, energía si hay bombeo, reposición de accesorios, un fontanero. Si nadie paga nada, esos costos no se cubren. El agua gratis se acaba rápido.

NADIE FUE CAPACITADO. La dosificación de cloro, la operación de válvulas, el lavado de tanques y el mantenimiento preventivo requieren alguien entrenado. No basta con entregar un manual.

SE DISEÑÓ PARA UNA POBLACIÓN QUE NO ERA. Proyecciones optimistas, sistemas sobredimensionados que operan fuera de su rango eficiente, o subdimensionados que no alcanzan.

NO SE LEGALIZÓ LA CAPTACIÓN. Sin concesión de aguas, el sistema nace ilegal.

NO SE ASEGURÓ EL PREDIO NI LAS SERVIDUMBRES. Cambia el dueño del predio de la captación y se acabó el acueducto.

La lección: un acueducto rural es 40% obra y 60% institucionalidad. El componente social y organizativo no es un anexo del proyecto para cumplir un requisito. Es la mitad del proyecto.

Un sistema bien construido sin organización dura tres años. Uno modesto con organización sólida dura treinta.","Se construye el acueducto veredal, se inaugura, y a los 3 años está fuera de servicio.

Casi nunca falla la obra. Falla lo que no se diseñó:

· Nadie definió quién opera (sin junta legalmente constituida no hay responsable)
· No hay tarifa — y el cloro, la energía y el fontanero cuestan
· Nadie fue capacitado
· Se diseñó para una población que no era
· No se tramitó la concesión de aguas
· No se aseguraron predio ni servidumbres

Un acueducto rural es 40% obra y 60% institucionalidad.

Un sistema bien construido sin organización dura 3 años. Uno modesto con organización sólida dura 30.",#SOSING #Valledupar #Cesar #AguaPotable #Saneamiento #IngenieriaSanitaria #AguaParaTodos #RecursoHidrico,,https://raw.githubusercontent.com/Yair48/sosing-social/main/sosing_dia_25.png
26,2026-09-21,Seguridad en campo: lo que no se negocia,"Trabajar en campo en el Cesar significa sol directo, temperaturas por encima de 35 °C, terreno irregular, fauna y a veces cauces con corriente.

En SOSING hay cosas que no se negocian, ni por cronograma ni por cliente:

· Nadie entra a un cauce solo. Nunca.
· Hidratación programada, no ""cuando dé sed"". A 38 °C la sed llega tarde.
· EPP completo según la actividad: casco, botas, chaleco, protección solar, guantes.
· Se avisa el punto de trabajo y la hora estimada de salida a la oficina. Si no hay reporte, se activa el protocolo.
· Ninguna medición vale un accidente. Si las condiciones cambian, se suspende y se vuelve otro día.
· Botiquín en la camioneta y al menos una persona del equipo con primeros auxilios.

Esto no es un capítulo del SG-SST para mostrar en una auditoría. Es la razón por la que la gente que sale a las 4:30 de la mañana vuelve a su casa.

Un cronograma se recupera. Una persona no.","Campo en el Cesar: sol directo, más de 35 °C, terreno irregular, cauces con corriente.

Lo que no se negocia. Ni por cronograma ni por cliente:

· Nadie entra a un cauce solo. Nunca.
· Hidratación programada, no ""cuando dé sed""
· EPP completo según la actividad
· Se reporta punto de trabajo y hora de salida
· Si las condiciones cambian, se suspende
· Botiquín y primeros auxilios en el equipo

No es un capítulo del SG-SST para la auditoría.

Un cronograma se recupera. Una persona no.",#SOSING #Valledupar #Cesar #EquipoSOSING #IngenieriaColombia #TalentoDelCesar #SeguridadYSalud #OrgulloVallenato,,https://raw.githubusercontent.com/Yair48/sosing-social/main/sosing_dia_26.png
27,2026-09-22,SECOP II: cinco errores que anulan una oferta buena,"Ofertas técnicamente ganadoras que se pierden por operación de plataforma. Pasa más de lo que se cree.

1. PRESENTAR SOBRE LA HORA. SECOP II cierra automáticamente. No hay prórroga, no hay ""estaba subiendo"", no hay llamada que valga. Si el reloj de la plataforma marca la hora, se acabó. Regla interna nuestra: la oferta se termina de cargar mínimo 4 horas antes del cierre. Los últimos minutos son para verificar, no para subir.

2. CARGAR EN EL SOBRE EQUIVOCADO. Documentos económicos en el sobre técnico es causal de rechazo inmediato en procesos de dos sobres. Y no es subsanable.

3. NO REVISAR ADENDAS. Las adendas modifican el pliego, a veces en los últimos días, a veces cambiando requisitos habilitantes. Hay que revisar el proceso todos los días hasta el cierre. Todos.

4. FIRMAS Y VIGENCIAS VENCIDAS. Certificado de existencia y representación con más de 30 días, RUP desactualizado, garantía de seriedad mal expedida —beneficiario equivocado, vigencia corta, amparo insuficiente—. Detalles administrativos que tumban ofertas técnicamente superiores.

5. NO USAR EL DERECHO A OBSERVACIONES. El periodo de observaciones al proyecto de pliego es el único momento en que se puede pedir corrección de requisitos desproporcionados o direccionados. Renunciar a él es renunciar a competir en condiciones justas y después reclamar cuando ya no hay nada que hacer.

La contratación pública premia la disciplina administrativa tanto como la calidad técnica. Es incómodo, pero es así.","Ofertas técnicamente ganadoras que se pierden por operación de plataforma:

1. Presentar sobre la hora — SECOP II cierra automático. Nuestra regla: cargado 4 horas antes.
2. Cargar en el sobre equivocado — económico en el técnico = rechazo. No subsanable.
3. No revisar adendas — modifican el pliego, a veces en los últimos días
4. Vigencias vencidas — certificado con más de 30 días, RUP viejo, garantía mal expedida
5. No usar el derecho a observaciones — el único momento para pedir corrección de requisitos direccionados

La contratación pública premia la disciplina administrativa tanto como la calidad técnica.",#SOSING #Valledupar #Cesar #ContratacionPublica #SECOPII #Licitaciones #Consorcio #RUP #AlianzasEstrategicas,,https://raw.githubusercontent.com/Yair48/sosing-social/main/sosing_dia_27.png
28,2026-09-23,Bosque seco tropical: el ecosistema más amenazado de Colombia,"De todo el bosque seco tropical que alguna vez cubrió el Caribe colombiano y los valles interandinos, queda una fracción mínima. Es el ecosistema más transformado del país — muy por delante de la Amazonía en proporción de pérdida.

El Cesar tiene una parte importante de lo que sobrevive.

Por qué se perdió tanto: el bosque seco crece en tierras planas, fértiles y de fácil acceso. Exactamente las tierras que sirven para ganadería y agricultura. La Amazonía se salvó por inaccesible; el bosque seco fue lo primero que se tumbó.

Por qué importa que quede:

· Es un ecosistema estacional, adaptado a meses sin lluvia. Muchos árboles pierden las hojas para sobrevivir la seca — y con las primeras lluvias reverdecen en cuestión de días.
· Tiene alta proporción de especies endémicas, que no existen en ningún otro lugar.
· Es una barrera contra la desertificación, un proceso muy real en el Caribe colombiano y especialmente en La Guajira.
· Regula el microclima local. Donde se pierde, la temperatura sube de forma medible.

Especies típicas del bosque seco del Cesar: caracolí, ceiba bonga, guayacán, roble, trupillo, dividivi, olla de mono.

Restaurar bosque seco es difícil precisamente por lo que lo hace especial: las plántulas tienen que sobrevivir meses de sequía en su primer año. No basta con sembrar. Hay que sostener.","El bosque seco tropical es el ecosistema más transformado de Colombia. Muy por delante de la Amazonía en proporción de pérdida.

¿Por qué? Crece en tierras planas, fértiles y accesibles. Exactamente las que sirven para ganadería.

La Amazonía se salvó por inaccesible. El bosque seco fue lo primero que se tumbó.

Por qué importa lo que queda:
· Alta proporción de especies endémicas
· Barrera contra la desertificación
· Regula el microclima — donde se pierde, la temperatura sube de forma medible

Restaurarlo es difícil: las plántulas deben sobrevivir meses de sequía en su primer año.

No basta con sembrar. Hay que sostener.",#SOSING #Valledupar #Cesar #SierraNevada #MedioAmbiente #Caribe #Colombia #Biodiversidad,,https://raw.githubusercontent.com/Yair48/sosing-social/main/sosing_dia_28.png
29,2026-09-24,Aprovechamiento forestal: qué pasa si se tala sin permiso en Colombia,"Talar sin permiso no es una infracción menor. Es de las que escalan más rápido.

Todo aprovechamiento forestal requiere autorización previa de la autoridad ambiental. Lo regula el Decreto 1076 de 2015. Y mover la madera exige salvoconducto: sin él el producto se decomisa en la vía, así el aprovechamiento haya sido legal.

Lo que ocurre cuando no hay permiso, bajo la Ley 1333 de 2009:

· Medidas preventivas de aplicación inmediata: suspensión de la actividad y decomiso del producto y de los equipos. No esperan al fallo.
· Proceso sancionatorio, con multas que pueden llegar hasta 5.000 SMMLV.
· La carga de la prueba está invertida: se presume la culpa o el dolo del infractor y le corresponde a usted desvirtuarla.
· Y encima, medidas de compensación: restaurar lo afectado, que cuesta más que el trámite.

Si la especie estaba en veda, el asunto deja de ser solo administrativo.

El trámite ordinario exige inventario forestal, identificación taxonómica correcta, cálculo de volumen y propuesta de compensación. Toma tiempo. Mucho menos del que toma un sancionatorio.","Talar sin permiso no es una infracción menor.

Todo aprovechamiento forestal requiere autorización previa (Decreto 1076 de 2015). Y mover la madera exige salvoconducto: sin él, decomiso en la vía.

Lo que pasa bajo la Ley 1333 de 2009:
· Suspensión y decomiso preventivo, de aplicación inmediata
· Multas de hasta 5.000 SMMLV
· Se presume la culpa del infractor: usted tiene que desvirtuarla
· Y encima, compensación: restaurar lo afectado

Si la especie estaba en veda, el asunto deja de ser solo administrativo.

El trámite toma tiempo. Mucho menos que un sancionatorio.",#SOSING #Valledupar #Cesar #NormativaAmbiental #CORPOCESAR #LicenciaAmbiental #GestionAmbiental #IngenieriaAmbiental,¿Va a intervenir cobertura vegetal? Escríbenos antes: +57 311 660 8217,https://raw.githubusercontent.com/Yair48/sosing-social/main/sosing_dia_29.png
30,2026-09-25,Monitoreo de calidad de agua: qué parámetros exige la norma y por qué,"No existe una lista única de parámetros de calidad del agua. Existen tres, y confundirlas es el error que más muestras desperdicia.

1. CONSUMO HUMANO — Resolución 2115 de 2007. Color aparente, turbiedad, pH, dureza, hierro, nitritos, cloro residual libre, coliformes totales y E. coli. De ahí sale el IRCA.

2. VERTIMIENTOS — Resolución 0631 de 2015. DBO5, DQO, sólidos suspendidos y sedimentables, grasas y aceites, pH, temperatura, y según la actividad, nutrientes, metales o hidrocarburos. La lista depende del sector económico.

3. CUERPO RECEPTOR. Oxígeno disuelto, conductividad, nutrientes, coliformes, sólidos. Aquí no se compara contra un límite de descarga: se evalúa el río antes y después del punto.

Un detalle que define la validez del dato: pH, temperatura, oxígeno disuelto y conductividad se miden EN SITIO. Cambian en el trayecto al laboratorio, y verlos reportados como resultado de laboratorio delata un muestreo mal hecho.

Primero se define qué decisión se va a tomar con el resultado. Después se escoge la lista.","No hay una sola lista de parámetros de calidad del agua. Hay tres, y confundirlas desperdicia muestras.

CONSUMO HUMANO (Res. 2115 de 2007): color, turbiedad, pH, dureza, hierro, nitritos, cloro residual, coliformes y E. coli. De ahí sale el IRCA.

VERTIMIENTOS (Res. 0631 de 2015): DBO5, DQO, SST, sedimentables, grasas y aceites… y lo que agregue su sector económico.

CUERPO RECEPTOR: oxígeno disuelto, conductividad, nutrientes. Aquí se compara el río antes y después, no contra un límite.

Y un detalle que valida o invalida el dato: pH, temperatura, OD y conductividad se miden EN SITIO. En el trayecto al laboratorio cambian.",#SOSING #Valledupar #Cesar #IngenieriaAmbiental #TrabajoDeCampo #ConsultoriaAmbiental #IngenieriaColombia #Ingenieria,,https://raw.githubusercontent.com/Yair48/sosing-social/main/sosing_dia_30.png
31,2026-09-26,Temporada de lluvias: cómo se identifican los puntos críticos de inundación,"Un punto crítico de inundación no se identifica preguntando dónde se inundó el año pasado. Eso es el insumo, no el método.

1. HISTÓRICO. Eventos registrados por el consejo municipal, bomberos, defensa civil y prensa local, con fecha, sitio y afectación.

2. TERRENO. Modelo digital de elevación y cartografía para ubicar zonas bajas, paleocauces y drenajes naturales que la ciudad se tragó.

3. RECORRIDO CON LA COMUNIDAD. Los vecinos señalan la marca del agua en la pared. Esa marca es un dato: se georreferencia y se le toma cota.

4. INVENTARIO DE ESTRUCTURAS. Alcantarillas, box culvert, puentes y sumideros. Se mide la sección real y se contrasta con el caudal que debería pasar. Casi siempre el punto crítico es una estructura subdimensionada o taponada.

5. EXPOSICIÓN. Cuántas viviendas, qué equipamientos y qué vías quedan aisladas. Sin esto no hay cómo priorizar.

El producto no es un mapa bonito. Es una ficha por punto: coordenadas, causa, medida, costo y responsable.

Un punto crítico sin causa identificada no se interviene. Solo se lamenta cada invierno.","Un punto crítico de inundación no se identifica preguntando dónde se inundó el año pasado. Eso es el insumo, no el método.

1. Histórico de eventos con fecha, sitio y afectación
2. Modelo de elevación: zonas bajas, paleocauces, drenajes que la ciudad se tragó
3. Recorrido con la comunidad — la marca del agua en la pared es un dato: se georreferencia y se le toma cota
4. Inventario de alcantarillas y sumideros: sección real contra el caudal que debería pasar
5. Exposición: viviendas, equipamientos, vías que quedan aisladas

El producto no es un mapa bonito. Es una ficha por punto: causa, medida, costo y responsable.

Sin causa identificada, el punto solo se lamenta cada invierno.",#SOSING #Valledupar #Cesar #GestionDelRiesgo #Ley1523 #GestionDelRiesgoDeDesastres #ResilienciaTerritorial #Prevencion,,https://raw.githubusercontent.com/Yair48/sosing-social/main/sosing_dia_31.png
32,2026-09-27,Micromedición: por qué los prestadores pierden plata sin darse cuenta,"Un prestador puede entregar el agua y facturar bien… menos de lo que entrega. La fuga no está en la tubería: está en el medidor.

La Ley 142 de 1994 dejó la medición del consumo como regla general para facturar. Pero un parque de medidores se degrada en una sola dirección: los medidores viejos SUBREGISTRAN. Casi nunca cobran de más.

Por qué pasa:

· Desgaste mecánico. El medidor pierde sensibilidad a caudales bajos —goteos, llenado nocturno de tanques— y ese consumo no se contabiliza.
· Medidores sobredimensionados para el consumo real de la vivienda: no arrancan con caudales pequeños.
· Suscriptores sin medidor a los que se les factura consumo promedio, que suele quedar por debajo del real.
· Catastro de usuarios desactualizado: predios conectados que no están en la base de datos.

Cómo se aborda: muestreo estadístico del parque por edad y marca, banco de pruebas para levantar la curva de error, y reposición priorizada por lo que cada grupo deja de registrar.

Cambiar medidores a ciegas es caro. Con la curva de error en la mano, se paga solo.","Un prestador puede facturar bien… menos de lo que entrega. La fuga está en el medidor.

Los medidores viejos SUBREGISTRAN. Casi nunca cobran de más.

Por qué:
· Pierden sensibilidad a caudales bajos: goteos, llenado nocturno de tanques
· Sobredimensionados: no arrancan con consumos pequeños
· Instalación sin filtro, mal posicionada o con aire en la línea
· Usuarios sin medidor facturados por promedio
· Catastro desactualizado: predios conectados que no están en la base

Qué se hace: muestreo del parque por edad y marca, banco de pruebas para levantar la curva de error, y reposición priorizada.

Cambiar medidores a ciegas es caro. Con la curva de error en la mano, se paga solo.",#SOSING #Valledupar #Cesar #AguaPotable #Saneamiento #IngenieriaSanitaria #AguaParaTodos #RecursoHidrico,¿Diagnóstico de pérdidas para su prestador? comercial@sosinggroup.com,https://raw.githubusercontent.com/Yair48/sosing-social/main/sosing_dia_32.png
33,2026-09-28,Cómo armamos el equipo técnico para una licitación,"El equipo de una propuesta no se arma con las hojas de vida que uno tenga a la mano. Se arma leyendo el pliego al revés.

1. SE EXTRAE LA MATRIZ DE PERSONAL. Cargo por cargo: profesión, posgrado si aplica, experiencia general, experiencia específica y porcentaje de dedicación. Se transcribe literal. No se interpreta.

2. SE VERIFICA LA HABILITACIÓN PROFESIONAL. Matrícula vigente y sin sanciones. Un profesional con matrícula en trámite no habilita a nadie.

3. SE REVISA CADA CERTIFICACIÓN. Las fechas deben permitir el cálculo exacto de los años. Una certificación sin fecha de inicio no sirve para contar tiempo.

4. SE CRUZA LA DEDICACIÓN CONTRA EL CRONOGRAMA. Si alguien está comprometido al 100% en un contrato en ejecución, no puede estar al 100% en la propuesta. Se verifica antes de firmar la carta de compromiso, no después.

5. SE FIRMA UN COMPROMISO REAL. La persona sabe a qué se compromete, en qué fechas y en qué municipio.

El equipo de papel se detecta rápido en ejecución. Y la interventoría también lo detecta.","El equipo de una propuesta no se arma con las hojas de vida que uno tenga a la mano. Se arma leyendo el pliego al revés.

1. Extraer la matriz de personal literal: profesión, posgrado, experiencia general, específica y % de dedicación
2. Verificar matrícula profesional vigente y sin sanciones
3. Revisar cada certificación — una sin fecha de inicio no sirve para contar años
4. Cruzar dedicación contra cronograma: nadie está al 100% en dos contratos a la vez
5. Firmar compromiso real: la persona sabe fechas y municipio

El equipo de papel se detecta rápido en ejecución. La interventoría también lo detecta.",#SOSING #Valledupar #Cesar #EquipoSOSING #IngenieriaColombia #TalentoDelCesar #SeguridadYSalud #OrgulloVallenato,,https://raw.githubusercontent.com/Yair48/sosing-social/main/sosing_dia_33.png
34,2026-09-29,Experiencia acreditable: qué certificación sirve y cuál no,"Muchas empresas tienen la experiencia y no la pueden acreditar. El contrato existió, se ejecutó bien, y el papel no sirve.

UNA CERTIFICACIÓN SIRVE SI TRAE:
· Nombre y NIT del contratante
· Número y objeto del contrato, transcrito completo
· Fechas de inicio y de terminación
· Valor ejecutado, con las adiciones discriminadas
· Porcentaje de participación, si se ejecutó en consorcio o unión temporal
· Firma de quien tiene competencia para expedirla

NO SIRVE:
· La autocertificación. Nadie certifica su propia experiencia.
· El contrato solo, si el pliego exige certificación del contratante o acta de liquidación.
· Un contrato en ejecución, cuando el pliego exige terminado o liquidado.
· Un objeto que no corresponde a los códigos UNSPSC exigidos.
· La experiencia de un socio o de un profesional presentada como experiencia de la empresa.

Y el filtro que se olvida: la experiencia debe estar inscrita en el RUP con los códigos correctos. Bien certificada y mal clasificada, no cuenta.

Nuestro RUP tiene 42 contratos certificados. Cada uno pasó por esa revisión.","Muchas empresas tienen la experiencia y no la pueden acreditar.

SIRVE una certificación con: contratante y NIT, número y objeto completo, fechas de inicio y terminación, valor ejecutado, % de participación si fue consorcio o UT, y firma competente.

NO SIRVE:
· La autocertificación
· El contrato solo, si piden certificación o acta
· Un contrato aún en ejecución si exigen liquidado
· Un objeto que no corresponde a los códigos UNSPSC del pliego
· La experiencia de un socio presentada como de la empresa

Y el filtro que se olvida: debe estar inscrita en el RUP con los códigos correctos. Bien certificada y mal clasificada, no cuenta.",#SOSING #Valledupar #Cesar #ContratacionPublica #SECOPII #Licitaciones #Consorcio #RUP #AlianzasEstrategicas,"¿Buscas socio con experiencia acreditada en ambiental, forestal o riesgo? Escríbenos.",https://raw.githubusercontent.com/Yair48/sosing-social/main/sosing_dia_34.png
35,2026-09-30,Serranía del Perijá: la frontera olvidada del Cesar,"Al oriente del valle del Cesar se levanta la Serranía del Perijá, el ramal que marca el límite con Venezuela. Sube del piedemonte seco hasta superar los 3.000 metros: bosque seco, bosque húmedo, bosque de niebla y páramo.

Tiene aves endémicas que no existen en ningún otro lugar del mundo.

Y tiene una función que se menciona poco: de su vertiente occidental bajan los afluentes de la margen derecha del río Cesar —Manaure, Casacará y otros— que sostienen buena parte del abastecimiento y el riego del departamento.

Desde Valledupar es fácil mirar siempre hacia la Sierra Nevada. Pero el Perijá es la otra mitad del sistema hídrico del valle, y está en desventaja en algo muy concreto: información. Series cortas o interrumpidas, pocas estaciones activas, cartografía a escalas gruesas.

La consecuencia es práctica: cuando un municipio del piedemonte necesita justificar un caudal o evaluar una amenaza por avenida torrencial, no hay datos, y termina extrapolando de cuencas que no se le parecen.

La deuda con el Perijá no es solo de conservación. Es de instrumentación y de estudio.","Al oriente del valle del Cesar está la Serranía del Perijá, el ramal que marca el límite con Venezuela.

Sube del piedemonte seco a más de 3.000 metros: bosque seco, bosque húmedo, bosque de niebla y páramo. Tiene aves endémicas que no existen en ningún otro lugar del mundo.

Y de su vertiente occidental bajan los afluentes de la margen derecha del río Cesar.

Desde Valledupar es fácil mirar siempre hacia la Sierra Nevada. Pero el Perijá es la otra mitad del sistema hídrico del valle, y está en desventaja en algo concreto: información. Pocas estaciones, series cortas, cartografía gruesa.

La deuda con el Perijá no es solo de conservación. Es de instrumentación.",#SOSING #Valledupar #Cesar #SierraNevada #MedioAmbiente #Caribe #Colombia #Biodiversidad,,https://raw.githubusercontent.com/Yair48/sosing-social/main/sosing_dia_35.png
36,2026-10-01,Ocupación de cauce: el permiso que frena obras a mitad de camino,"Es el permiso que más obras deja quietas, y casi siempre por la misma razón: se pensó que la licencia de construcción del municipio bastaba.

No basta. Construir cualquier obra que ocupe el cauce de una corriente o de un depósito de agua requiere permiso de ocupación de cauce ante la autoridad ambiental. Lo regula el Decreto 1076 de 2015.

Qué cuenta como ocupación de cauce, más allá del puente evidente:
· Box culvert, pontones y alcantarillas
· Bocatomas y estructuras de captación
· Muros, espolones, enrocados y obras de protección de orilla
· Cruces subfluviales de tubería y de redes
· Dragados, canalizaciones y rectificaciones
· Llenos y jarillones dentro de la ronda

Qué exige el trámite: planos y memorias de cálculo firmadas, estudio hidrológico e hidráulico con el caudal de diseño y su período de retorno justificado, análisis de socavación y manejo ambiental de la etapa constructiva.

Dónde se rompe el cronograma: el permiso se tramita después del acta de inicio, porque nadie lo previó en la estructuración. La obra arranca, llega el trámite, y el frente para.","El permiso que más obras deja quietas. Y casi siempre por lo mismo: se creyó que la licencia de construcción del municipio bastaba.

No basta. Ocupar el cauce requiere permiso de la autoridad ambiental (Decreto 1076 de 2015).

Cuenta como ocupación de cauce:
· Box culvert, pontones, alcantarillas
· Bocatomas
· Muros, espolones, enrocados
· Cruces subfluviales de tubería
· Dragados y canalizaciones
· Llenos y jarillones en la ronda

Exige planos, memorias, estudio hidrológico e hidráulico con período de retorno justificado y análisis de socavación.

El cronograma se rompe cuando el trámite arranca después del acta de inicio. La obra empieza, llega el permiso, y el frente para.",#SOSING #Valledupar #Cesar #NormativaAmbiental #CORPOCESAR #LicenciaAmbiental #GestionAmbiental #IngenieriaAmbiental,,https://raw.githubusercontent.com/Yair48/sosing-social/main/sosing_dia_36.png
37,2026-10-02,Estudios hidrológicos e hidráulicos: para qué sirven de verdad,"Se piden como requisito. Sirven para definir el tamaño de una obra y la profundidad a la que hay que cimentarla.

EL HIDROLÓGICO responde cuánta agua puede llegar. Se delimita la cuenca, se procesan las series de las estaciones representativas y, con análisis de frecuencia o modelos lluvia-escorrentía, se estima el caudal máximo asociado a un período de retorno.

EL HIDRÁULICO responde qué hace esa agua. Toma el caudal de diseño y calcula niveles, velocidades, remanso y socavación.

De ahí salen decisiones que se pagan en concreto:
· Luz y altura de un puente o de una alcantarilla
· Cota de rasante y borde libre
· Profundidad de cimentación por socavación
· Cota mínima de una vivienda o de una bocatoma

El período de retorno no se copia de otro estudio: se escoge según las consecuencias de que la obra falle, y esa escogencia se sustenta.

Errores que se repiten: usar una estación que no representa la cuenca, series demasiado cortas e ignorar el cambio de uso del suelo aguas arriba.

Un estudio mal hecho no se nota el día de la entrega. Se nota el día de la creciente.","Se piden como requisito. Sirven para definir el tamaño de una obra y a qué profundidad cimentarla.

HIDROLÓGICO: ¿cuánta agua puede llegar? Cuenca, series de las estaciones, análisis de frecuencia → caudal de diseño para un período de retorno.

HIDRÁULICO: ¿qué hace esa agua? Niveles, velocidades, remanso y socavación.

De ahí salen: luz del puente, cota de rasante, borde libre, profundidad de cimentación y obras de protección.

Errores que se repiten: estación no representativa, series muy cortas, ignorar el cambio de uso del suelo aguas arriba y olvidar que las estructuras se taponan con sedimento y basura.

No se nota el día de la entrega. Se nota el día de la creciente.",#SOSING #Valledupar #Cesar #IngenieriaAmbiental #TrabajoDeCampo #ConsultoriaAmbiental #IngenieriaColombia #Ingenieria,Estudios hidrológicos e hidráulicos: comercial@sosinggroup.com,https://raw.githubusercontent.com/Yair48/sosing-social/main/sosing_dia_37.png
38,2026-10-03,Erosión de riberas: por qué el río se lleva la orilla,"Una orilla no se cae de arriba hacia abajo. Se cae al revés.

El flujo socava el pie del talud, sobre todo en la curva exterior, donde la velocidad es mayor. Cuando el pie pierde soporte, el bloque de arriba queda en voladizo y colapsa por su propio peso. Uno llega, ve el talud partido en bloques y concluye que el problema está arriba. La causa está bajo el agua.

Qué acelera el proceso:
· Pérdida de la vegetación ribereña. Las raíces son refuerzo estructural del suelo.
· Extracción de material del lecho, que profundiza el cauce y descalza las orillas.

Qué funciona:
· Proteger el pie primero. Una obra que solo protege la parte alta del talud no resuelve nada.
· Bioingeniería donde las velocidades lo permiten: trinchos vivos, estacas de rebrote rápido, revegetalización de la franja de protección.
· Estructuras donde la energía es alta, siempre con diseño hidráulico.

Y la advertencia que casi nadie da: proteger un tramo sin analizar el corredor completo traslada el problema a la propiedad de al lado. La erosión no se elimina; se redistribuye.","Una orilla no se cae de arriba hacia abajo. Se cae al revés.

El flujo socava el PIE del talud —sobre todo en la curva exterior—, el bloque de arriba queda en voladizo y colapsa por su peso. Uno llega y cree que el problema está arriba. Está bajo el agua.

Qué lo acelera: pérdida de vegetación ribereña, ganado bajando siempre por el mismo punto, extracción de material del lecho, crecientes más rápidas por cambios en la cuenca.

Qué funciona: proteger el pie primero, bioingeniería donde las velocidades lo permiten, estructuras donde la energía es alta.

Y la advertencia: proteger un tramo sin mirar el corredor completo le traslada el problema al vecino.",#SOSING #Valledupar #Cesar #GestionDelRiesgo #Ley1523 #GestionDelRiesgoDeDesastres #ResilienciaTerritorial #Prevencion,,https://raw.githubusercontent.com/Yair48/sosing-social/main/sosing_dia_38.png
39,2026-10-04,PTAP: los errores de operación más comunes en municipios pequeños,"Una planta de potabilización bien diseñada puede entregar agua fuera de norma. No por la obra: por la operación.

DOSIFICAR SIN PRUEBA DE JARRAS. La dosis óptima de coagulante depende de la turbiedad, el pH y la alcalinidad del agua cruda, y las tres cambian entre verano e invierno.

NO MEDIR EL CAUDAL DE ENTRADA. No se puede dosificar en mg/L lo que no se mide en L/s. Sin macromedidor, toda la dosificación es aproximada.

LAVAR FILTROS POR HORARIO. El filtro se lava cuando la pérdida de carga o la turbiedad de salida lo indican, no cuando toca por rutina.

NO CONTROLAR EL CLORO EN LA RED. La Resolución 2115 de 2007 exige cloro residual libre entre 0,3 y 2,0 mg/L, y eso se verifica en el punto más alejado de la red, no a la salida de la planta. Ahí siempre da bien.

TANQUES SIN LAVADO PROGRAMADO. Se potabiliza y se vuelve a contaminar en el almacenamiento.

Y el que sostiene a todos: OPERAR SIN BITÁCORA. Sin registro diario de turbiedad, pH, dosis, caudal y cloro no hay cómo saber qué pasó ayer.

Nada de esto cuesta obra. Cuesta método y un operador entrenado.","Una PTAP bien diseñada puede entregar agua fuera de norma. No por la obra: por la operación.

· Dosificar sin prueba de jarras. La dosis depende de turbiedad, pH y alcalinidad, y eso cambia entre verano e invierno.
· No medir el caudal de entrada. No se dosifica en mg/L lo que no se mide en L/s.
· Lavar filtros por horario y no por pérdida de carga.
· Medir cloro solo a la salida de la planta. Se verifica en el punto más alejado de la red: 0,3 a 2,0 mg/L (Res. 2115 de 2007).
· Tanques sin lavado programado.
· Y el que sostiene a todos: operar sin bitácora.

Nada de esto cuesta obra. Cuesta método y un operador entrenado.",#SOSING #Valledupar #Cesar #AguaPotable #Saneamiento #IngenieriaSanitaria #AguaParaTodos #RecursoHidrico,,https://raw.githubusercontent.com/Yair48/sosing-social/main/sosing_dia_39.png
40,2026-10-05,Nuestra biblioteca normativa y por qué la mantenemos al día,"Citar una norma derogada en un informe técnico es una de las formas más rápidas de recibir un requerimiento. Y pasa más de lo que parece.

La razón es estructural: los decretos únicos —1076 de ambiente, 1077 de vivienda, agua y saneamiento— se modifican por decretos posteriores que NO cambian el número del decreto único. Uno cita ""Decreto 1076 de 2015"" y queda tranquilo, sin saber si el artículo específico que está invocando fue modificado o suspendido.

Cómo lo manejamos:

· Fuente oficial siempre. La versión que se cita se descarga del sitio de la entidad que la expidió, no de un blog ni de un PDF que circula por correo.
· Registro de fecha de consulta para cada norma de la biblioteca.
· Revisión de derogatorias y modificatorios antes de cerrar cualquier capítulo normativo.
· Matriz de requisitos legales por proyecto: norma, obligación, responsable y evidencia.

No es coleccionismo. El marco legal es la mitad del argumento de un informe ambiental; la otra mitad son los datos de campo. Si una de las dos está desactualizada, el documento no sostiene nada.","Citar una norma derogada es de las formas más rápidas de recibir un requerimiento.

Y el problema es estructural: los decretos únicos —1076, 1077— se modifican por decretos posteriores que no cambian el número. Uno cita ""Decreto 1076 de 2015"" y queda tranquilo, sin saber si ESE artículo fue modificado.

Cómo lo manejamos:
· Fuente oficial, nunca un PDF que circula por correo
· Fecha de consulta registrada para cada norma
· Revisión de derogatorias antes de cerrar el capítulo normativo
· Matriz de requisitos legales: norma, obligación, responsable, evidencia

El marco legal es la mitad del argumento de un informe. La otra mitad son los datos de campo.",#SOSING #Valledupar #Cesar #EquipoSOSING #IngenieriaColombia #TalentoDelCesar #SeguridadYSalud #OrgulloVallenato,,https://raw.githubusercontent.com/Yair48/sosing-social/main/sosing_dia_40.png
41,2026-10-06,Indicadores financieros en pliegos: qué mira realmente la entidad,"Los indicadores financieros no miden si una empresa es rentable. Miden si puede sostener la ejecución de un contrato sin quebrarse en el camino.

Los que aparecen en casi todos los pliegos:

· LIQUIDEZ = activo corriente / pasivo corriente. Obligaciones de corto plazo.
· ENDEUDAMIENTO = pasivo total / activo total. Cuánto del activo está con terceros.
· COBERTURA DE INTERESES = utilidad operacional / gastos de intereses.
· CAPITAL DE TRABAJO = activo corriente − pasivo corriente, contra un porcentaje del presupuesto oficial. Este es el que más proponentes deja fuera, porque crece con el tamaño del proceso.

Dos cosas que conviene saber:

1. Se toman del RUP con corte al último año fiscal inscrito. No sirve el balance de este mes: con el RUP desactualizado se compite con cifras viejas.

2. En consorcio o unión temporal se calculan con la fórmula del pliego, normalmente ponderando por participación. Un socio con un indicador débil puede tumbar a los dos.

Los nuestros, verificables en el RUP: liquidez 5,47 · endeudamiento 0,30 · cobertura de intereses 462,66.","Los indicadores financieros no miden si una empresa es rentable. Miden si aguanta ejecutar el contrato.

· Liquidez = activo corriente / pasivo corriente
· Endeudamiento = pasivo total / activo total
· Cobertura de intereses = utilidad operacional / gastos de intereses
· Capital de trabajo = AC − PC, contra un % del presupuesto oficial ← el que más gente deja fuera

Dos cosas:
1. Salen del RUP con corte al último año fiscal. RUP desactualizado, cifras viejas.
2. En consorcio se ponderan: un socio débil tumba a los dos.

Los nuestros: liquidez 5,47 · endeudamiento 0,30 · cobertura 462,66.",#SOSING #Valledupar #Cesar #ContratacionPublica #SECOPII #Licitaciones #Consorcio #RUP #AlianzasEstrategicas,,https://raw.githubusercontent.com/Yair48/sosing-social/main/sosing_dia_41.png
42,2026-10-07,Especies nativas para reforestación en el Cesar,"Sembrar el árbol equivocado cuesta lo mismo que sembrar el correcto. La diferencia aparece al segundo verano.

En el bosque seco del Cesar funcionan especies adaptadas a meses sin lluvia y con capacidad de rebrote: caracolí, ceiba bonga, campano, guácimo, orejero, roble, cañaguate, trupillo, dividivi, totumo y hobo. La selección se hace por sitio, por objetivo y por disponibilidad real de material vegetal.

Qué define el éxito:

· ORIGEN DEL MATERIAL. Plántulas de fuentes semilleras de la región. Una nativa traída de otro piso térmico se comporta como exótica.
· ÉPOCA. Se siembra al inicio de las lluvias, no cuando se firma el contrato. Sembrar en enero en el Cesar es sembrar para nada.
· AISLAMIENTO. Sin cerca, la siembra dura hasta el primer potrero abierto.
· MANTENIMIENTO POR VARIOS AÑOS. Control de arvenses, replante y riego en el primer verano.

Y lo que conviene evitar: llenar la restauración de exóticas de crecimiento rápido. Algunas, en zonas secas, se comportan como invasoras.

El indicador no es cuántos árboles se sembraron. Es cuántos están vivos dos años después.","Sembrar el árbol equivocado cuesta lo mismo que sembrar el correcto. La diferencia aparece al segundo verano.

En el bosque seco del Cesar funcionan caracolí, ceiba bonga, campano, guácimo, orejero, roble, cañaguate, trupillo, dividivi, totumo, hobo. La selección se hace por sitio y objetivo, no por lista.

Lo que define el éxito:
· Material vegetal de fuentes semilleras de la región
· Siembra al inicio de lluvias, no cuando se firma el contrato
· Plateo, hoyado y riego de establecimiento
· Aislamiento del ganado
· Mantenimiento presupuestado por varios años

El indicador no es cuántos árboles se sembraron. Es cuántos siguen vivos dos años después.",#SOSING #Valledupar #Cesar #SierraNevada #MedioAmbiente #Caribe #Colombia #Biodiversidad,,https://raw.githubusercontent.com/Yair48/sosing-social/main/sosing_dia_42.png
43,2026-10-08,RESPEL: registro de generadores de residuos peligrosos,"Si su actividad genera aceites usados, estopas impregnadas, envases de pintura, luminarias, baterías o residuos de laboratorio, usted es generador de residuos peligrosos.

LA CATEGORÍA SE CALCULA, NO SE DECLARA. Se determina por la cantidad promedio mensual generada, evaluada sobre los últimos seis meses:
· Gran generador: 1.000 kg/mes o más
· Mediano generador: entre 100 y 1.000 kg/mes
· Pequeño generador: entre 10 y 100 kg/mes

Las obligaciones básicas:
· Inscribirse en el registro de generadores ante la autoridad ambiental y actualizarlo cada año
· Tener un plan de gestión integral de residuos peligrosos
· Envasar, etiquetar y almacenar según la peligrosidad, con hojas de seguridad
· Entregar únicamente a gestores con licencia ambiental vigente para ese residuo, y guardar los certificados de disposición final

El punto que casi nadie tiene claro: la responsabilidad del generador NO termina cuando el camión se lleva el residuo. Subsiste hasta la disposición final. Por eso la licencia del gestor se verifica y los certificados se archivan.","¿Genera aceites usados, estopas impregnadas, envases de pintura, luminarias, baterías o residuos de laboratorio? Es generador de RESPEL.

La categoría se calcula sobre el promedio mensual de los últimos 6 meses:
· Gran generador: 1.000 kg/mes o más
· Mediano: entre 100 y 1.000 kg/mes
· Pequeño: entre 10 y 100 kg/mes

Obligaciones: registro ante la autoridad y actualización anual, plan de gestión integral, envasado y etiquetado, y entrega solo a gestores con licencia vigente.

Lo que casi nadie tiene claro: su responsabilidad NO termina cuando el camión se lleva el residuo. Subsiste hasta la disposición final.",#SOSING #Valledupar #Cesar #NormativaAmbiental #CORPOCESAR #LicenciaAmbiental #GestionAmbiental #IngenieriaAmbiental,¿Necesita ordenar su gestión de RESPEL? comercial@sosinggroup.com,https://raw.githubusercontent.com/Yair48/sosing-social/main/sosing_dia_43.png
44,2026-10-09,Muestreo de suelos: cómo se hace y para qué,"Antes de tomar la primera muestra hay que responder algo: ¿qué decisión se va a tomar con el resultado? De ahí dependen la profundidad, el diseño y los parámetros. No al revés.

FERTILIDAD. Muestra compuesta: se recorre la unidad homogénea en zigzag, se toman entre 15 y 20 submuestras del horizonte superficial, se retira la hojarasca y se mezclan en un balde limpio. Se evitan bordes, caminos y bebederos.

CONTAMINACIÓN. Aquí la muestra compuesta es un error: promedia y esconde el punto caliente. Se usa malla sistemática o muestreo dirigido, con muestras individuales y profundidades definidas según el contaminante. Los volátiles exigen envase sin espacio de cabeza y cadena de frío.

OBRA Y VERTIMIENTO AL SUELO. Exige apiques con descripción de horizontes, permeabilidad y nivel freático.

En los tres casos: georreferenciar, fotografiar, rotular y diligenciar cadena de custodia. Y verificar que el laboratorio esté acreditado por el IDEAM para la matriz suelo, no solo para agua.

El error más caro no es de laboratorio. Es haber muestreado antes de saber para qué.","Antes de la primera muestra: ¿qué decisión va a tomar con el resultado? De ahí salen profundidad, diseño y parámetros.

FERTILIDAD → muestra compuesta, 15 a 20 submuestras en zigzag por unidad homogénea, sin hojarasca, evitando bordes y bebederos.

CONTAMINACIÓN → la muestra compuesta esconde el punto caliente. Malla sistemática o muestreo dirigido, muestras individuales, cadena de frío para volátiles.

OBRA Y VERTIMIENTO AL SUELO → apiques con horizontes, permeabilidad y nivel freático.

Siempre: georreferenciar, fotografiar, rotular, cadena de custodia. Y laboratorio acreditado por el IDEAM para la matriz SUELO, no solo para agua.

El error más caro es muestrear antes de saber para qué.",#SOSING #Valledupar #Cesar #IngenieriaAmbiental #TrabajoDeCampo #ConsultoriaAmbiental #IngenieriaColombia #Ingenieria,,https://raw.githubusercontent.com/Yair48/sosing-social/main/sosing_dia_44.png
45,2026-10-10,Movimientos en masa: señales que anteceden un deslizamiento,"La mayoría de los deslizamientos avisa. El problema es que casi nadie está mirando.

EN EL TERRENO
· Grietas en media luna en la parte alta de la ladera, que se alargan con las lluvias
· Escarpes pequeños y escalones nuevos
· Abombamiento en la parte baja del talud, con el suelo levantado
· Postes, cercas y árboles inclinados

EN LAS CONSTRUCCIONES
· Fisuras nuevas en muros, sobre todo en escalera siguiendo las juntas
· Puertas y ventanas que empiezan a trabarse
· Tuberías que se rompen repetidamente en el mismo sector

EN EL AGUA
· Nacimientos que aparecen donde nunca los hubo
· Un manantial que se seca de repente
· Agua que sale turbia cuando antes salía clara

EL DETONANTE suele ser el agua. Y no la lluvia de ese día, sino la acumulada de días o semanas, que satura el suelo. Por eso los deslizamientos ocurren después de períodos lluviosos largos, no durante el aguacero más fuerte.

QUÉ HACER: sellar las grietas para impedir que entre agua, desviar las aguas superficiales y servidas lejos del talud, no cargar la corona, no cortar el pie y reportar al consejo municipal.","La mayoría de los deslizamientos avisa. Casi nadie está mirando.

EN EL TERRENO: grietas en media luna en la parte alta, escalones nuevos, abombamiento en el pie, postes y árboles inclinados.

EN LAS CASAS: fisuras en escalera siguiendo las juntas, puertas que se traban, tuberías que se rompen siempre en el mismo sector.

EN EL AGUA: nacimientos nuevos, manantiales que se secan, agua que empieza a salir turbia.

EL DETONANTE casi siempre es el agua acumulada de días o semanas, no la lluvia de ese día.

QUÉ HACER: sellar grietas, desviar aguas superficiales y servidas, no cargar la corona, no cortar el pie, reportar al consejo municipal.

Una grieta que se ensancha es información.",#SOSING #Valledupar #Cesar #GestionDelRiesgo #Ley1523 #GestionDelRiesgoDeDesastres #ResilienciaTerritorial #Prevencion,,https://raw.githubusercontent.com/Yair48/sosing-social/main/sosing_dia_45.png
46,2026-10-11,Reúso de aguas residuales tratadas: qué permite la norma colombiana,"El agua residual tratada puede volver a usarse. No en cualquier cosa, no sin autorización y no sin demostrar calidad.

El marco lo fijó la Resolución 1207 de 2014, que habilitó el reúso en uso agrícola —riego— e industrial. Ese marco se ha ajustado después, así que lo primero es verificar la versión vigente.

Lo que hay que entender del esquema:

· LA CALIDAD SE DEFINE POR EL USO. Para riego se miran coliformes, huevos de helmintos, conductividad, relación de adsorción de sodio y boro, porque el problema no es solo sanitario: un agua mal caracterizada saliniza el suelo.
· HAY DOS RESPONSABLES: quien entrega el agua tratada y quien la usa. Ambos tienen obligaciones.
· SE REQUIERE AUTORIZACIÓN de la autoridad ambiental, con caracterización, monitoreo y plan de manejo.
· EL REÚSO NO ELIMINA EL PERMISO DE VERTIMIENTOS del caudal excedente. Casi nunca se reúsa el 100%.

En zonas con déficit hídrico estacional, cada metro cúbico reusado es un metro cúbico que no se capta de una fuente estresada.

Pero el orden importa: primero se trata bien, después se reúsa.","El agua residual tratada puede volver a usarse. No en cualquier cosa y no sin autorización.

La Resolución 1207 de 2014 habilitó el reúso en uso agrícola —riego— e industrial. El marco se ha ajustado: verifique la versión vigente.

Claves:
· La calidad se define por el USO. Para riego: coliformes, helmintos, conductividad, sodio, boro. Un agua mal caracterizada saliniza el suelo.
· Hay dos responsables: quien entrega y quien usa.
· Requiere autorización, caracterización y monitoreo.
· Y no elimina el permiso de vertimientos del excedente.

En zonas con déficit hídrico, cada m³ reusado es un m³ que no se capta.

Pero el orden importa: primero se trata bien. Después se reúsa.",#SOSING #Valledupar #Cesar #AguaPotable #Saneamiento #IngenieriaSanitaria #AguaParaTodos #RecursoHidrico,¿Evaluando reúso en su proceso o su municipio? Escríbenos.,https://raw.githubusercontent.com/Yair48/sosing-social/main/sosing_dia_46.png
47,2026-10-12,Mujeres en ingeniería en el Cesar,"En las salidas de campo de ingeniería ambiental y civil en esta región todavía es común llegar a un sitio y que alguien busque con la mirada quién es ""el ingeniero"".

Las barreras concretas:

· DOTACIÓN. Los EPP se compran por defecto en tallas de hombre. Un overol que sobra, unas botas grandes o un arnés mal ajustado no son un tema de comodidad: son un riesgo de seguridad.
· CONDICIONES EN CAMPO. Jornadas largas, sitios remotos, alojamiento y baños que nadie planeó. Se resuelve en la planeación de la comisión, no improvisando.
· ASIGNACIÓN DE TAREAS. El sesgo más común no es negar la entrada: es asignar por defecto la oficina y los datos, y dejar el campo y la coordinación para otros. Una ingeniera que no hace campo no acumula la experiencia específica que después le exigen los pliegos.

Lo que sí depende de una empresa: comprar EPP en las tallas que el equipo necesita, planear las condiciones de campo antes de salir, repartir campo y coordinación por perfil y no por costumbre, y tener reglas claras frente al acoso.

El criterio técnico no tiene género.","En las salidas de campo de esta región todavía es común llegar a un sitio y que alguien busque con la mirada quién es ""el ingeniero"".

Las barreras concretas:
· EPP comprado por defecto en tallas de hombre. Un arnés mal ajustado no es incomodidad: es riesgo.
· Condiciones de campo que nadie planeó.
· Asignación por costumbre: oficina y datos para ellas, campo y coordinación para otros. Y sin campo no se acumula la experiencia específica que después exigen los pliegos.

Lo que sí depende de la empresa: dotación en las tallas que el equipo necesita, comisiones bien planeadas, tareas por perfil y reglas claras frente al acoso.

El criterio técnico no tiene género.",#SOSING #Valledupar #Cesar #EquipoSOSING #IngenieriaColombia #TalentoDelCesar #SeguridadYSalud #OrgulloVallenato,,https://raw.githubusercontent.com/Yair48/sosing-social/main/sosing_dia_47.png
48,2026-10-13,Subsanabilidad: qué se puede corregir y qué no,"La regla es sencilla: lo que habilita se subsana; lo que puntúa, no.

SE PUEDE SUBSANAR
Todo lo referido a requisitos habilitantes: capacidad jurídica, financiera, organizacional y experiencia. Si al cierre ya cumplía la condición y solo faltaba el documento que lo demuestra, puede aportarlo en el plazo que fije la entidad.

NO SE PUEDE SUBSANAR
· Lo que otorga puntaje. Si un documento sirve para asignar puntos y no se presentó, se pierde el puntaje.
· La oferta económica, salvo las correcciones aritméticas que el pliego autorice.
· La no presentación de la garantía de seriedad con la oferta: la Ley 1882 de 2018 la dejó como causal de rechazo. Corregir defectos de una garantía sí presentada es otra cosa.

EL LÍMITE DE FONDO
La subsanación sirve para PROBAR una condición existente al cierre, no para ADQUIRIRLA después. Nadie firma un consorcio ni inscribe un código UNSPSC después del cierre y lo presenta como subsanación.

Y el error operativo más costoso: no responder el requerimiento dentro del plazo. El término es perentorio. Vencido, la entidad rechaza.","La regla se resume así: lo que habilita se subsana; lo que puntúa, no.

SE SUBSANA: capacidad jurídica, financiera, organizacional y experiencia. Si al cierre ya cumplía y solo faltaba el documento, se aporta.

NO SE SUBSANA:
· Lo que otorga puntaje
· La oferta económica, salvo corrección aritmética que el pliego autorice
· La no presentación de la garantía de seriedad con la oferta — Ley 1882 de 2018. Corregir defectos de una garantía sí presentada es otra cosa.

EL LÍMITE: la subsanación sirve para PROBAR una condición que existía al cierre, no para adquirirla después.

Y el error más costoso: dejar vencer el plazo. Es perentorio.",#SOSING #Valledupar #Cesar #ContratacionPublica #SECOPII #Licitaciones #Consorcio #RUP #AlianzasEstrategicas,¿Estructurando una oferta? Escríbenos: +57 311 660 8217,https://raw.githubusercontent.com/Yair48/sosing-social/main/sosing_dia_48.png
49,2026-10-14,"Día del Agua, del Árbol y demás efemérides: qué hacemos con ellas","El calendario ambiental está lleno: 2 de febrero humedales, 22 de marzo agua, 29 de abril árbol en Colombia, 5 de junio medio ambiente, 13 de octubre reducción del riesgo de desastres, 5 de diciembre suelo.

Y está lleno también de siembras que nadie vuelve a visitar.

La versión inútil es conocida: se convoca, se siembran doscientos árboles en una mañana, se toma la foto, y a los seis meses no queda ni la tercera parte. Nadie regó, nadie aisló del ganado, nadie repuso. El indicador fue la foto.

La versión útil exige tres cosas que no salen en la foto:

1. RESPONSABLE CON NOMBRE. Quién mantiene, quién repone, quién riega. Definido antes del evento.
2. HORIZONTE Y PRESUPUESTO. Mínimo dos años. Si no hay recursos, hay que sembrar menos árboles y cuidarlos bien. Cien vivos sirven más que quinientos muertos.
3. INDICADOR VERIFICABLE. Supervivencia medida en campo a los 6, 12 y 24 meses, con registro fotográfico georreferenciado del mismo punto.

Un río no necesita felicitaciones. Necesita caudal ecológico respetado, vertimientos tratados y ronda hídrica libre.","El calendario ambiental está lleno: humedales en febrero, agua en marzo, árbol en abril, medio ambiente en junio, riesgo de desastres en octubre, suelo en diciembre.

Y está lleno de siembras que nadie vuelve a visitar.

La versión útil de una efeméride exige tres cosas que no salen en la foto:
1. Responsable con nombre para el mantenimiento
2. Horizonte y presupuesto de al menos dos años — cien árboles vivos sirven más que quinientos muertos
3. Indicador de supervivencia medido a los 6, 12 y 24 meses

Un río no necesita felicitaciones. Necesita caudal, vertimientos tratados y ronda libre.",#SOSING #Valledupar #Cesar #SierraNevada #MedioAmbiente #Caribe #Colombia #Biodiversidad,,https://raw.githubusercontent.com/Yair48/sosing-social/main/sosing_dia_49.png
50,2026-10-15,Emisiones atmosféricas: cuándo se requiere permiso,"No toda actividad que emite al aire requiere permiso. Pero muchas de las que sí lo requieren operan sin él.

El permiso aplica a FUENTES FIJAS y está regulado en el Decreto 1076 de 2015, que recogió lo que estaba en el Decreto 948 de 1995. La norma trae un listado, entre ellas:

· Plantas de cemento, cal, yeso y ladrilleras
· Plantas de asfalto y de concreto
· Canteras y trituradoras
· Metalurgia, fundición y generación térmica

Lo que suele confundirse:
· Las fuentes MÓVILES se controlan con revisión técnico-mecánica y de gases, no con este permiso.
· El RUIDO tiene su propio régimen: la Resolución 0627 de 2006.
· El material particulado de una obra civil normalmente no requiere permiso, pero sí control: humectación, encerramiento, cubrimiento de volquetas y lavado de llantas.

Qué exige el trámite: información del proceso y de los combustibles, sistemas de control, altura de las descargas y mediciones en chimenea con método isocinético y laboratorio acreditado.

El permiso se tramita antes de operar la fuente. Después ya no es un trámite: es un descargo.","No toda actividad que emite al aire requiere permiso. Pero muchas de las que sí lo requieren operan sin él.

El permiso aplica a FUENTES FIJAS (Decreto 1076 de 2015): cementeras, ladrilleras, plantas de asfalto y concreto, trituradoras, incineradores, fundiciones, generación térmica.

Lo que se confunde:
· Fuentes móviles → revisión técnico-mecánica y de gases, no este permiso
· Ruido → régimen propio, Resolución 0627 de 2006
· Polvo en obra civil → normalmente sin permiso, pero con control obligatorio: humectación, encerramiento, cubrimiento de volquetas, lavado de llantas

Se tramita antes de operar. Después ya no es trámite: es descargo.",#SOSING #Valledupar #Cesar #NormativaAmbiental #CORPOCESAR #LicenciaAmbiental #GestionAmbiental #IngenieriaAmbiental,,https://raw.githubusercontent.com/Yair48/sosing-social/main/sosing_dia_50.png
51,2026-10-16,Levantamiento topográfico aplicado a estudios ambientales,"En un estudio ambiental la topografía no es un anexo. Es el dato que sostiene casi todo lo demás: las secciones del cauce del modelo hidráulico, las cotas de inundación, la delimitación de rondas, la localización de puntos de muestreo y el replanteo de obras.

Las reglas clave:

SISTEMA DE REFERENCIA. Todo se entrega en el sistema oficial vigente del IGAC, con el origen de proyección que corresponda. Un levantamiento en otro sistema obliga a rehacer la cartografía completa.

AMARRE. El levantamiento se amarra a puntos geodésicos. Sin amarre, las coordenadas son relativas y no se superponen con cartografía oficial ni con predios.

ALTIMETRÍA. Las cotas se refieren a la red de nivelación oficial. Un GPS de navegación no da altura utilizable para diseño hidráulico: el error vertical es de metros, y en una llanura de inundación un metro cambia todo.

DENSIDAD. Secciones muy espaciadas producen modelos que se ven bien y no representan nada. Y hay que levantar puentes y alcantarillas con sus dimensiones internas.

Una topografía deficiente no se corrige en gabinete. Se vuelve a campo.","En un estudio ambiental la topografía no es un anexo. Es el dato que sostiene todo lo demás.

Se usa para secciones del cauce del modelo hidráulico, cotas de inundación, delimitación de rondas, localización de puntos de muestreo y replanteo de obras.

Las reglas que hacen la diferencia:
· Sistema de referencia oficial vigente del IGAC. En otro sistema, se rehace la cartografía completa.
· Amarre a puntos geodésicos. Sin amarre, las coordenadas son relativas.
· Cotas referidas a la red de nivelación. Un GPS de navegación tiene error vertical de metros, y en una llanura un metro cambia todo.

Una topografía deficiente no se corrige en gabinete. Se vuelve a campo.",#SOSING #Valledupar #Cesar #IngenieriaAmbiental #TrabajoDeCampo #ConsultoriaAmbiental #IngenieriaColombia #Ingenieria,,https://raw.githubusercontent.com/Yair48/sosing-social/main/sosing_dia_51.png
52,2026-10-17,Simulacros: la diferencia entre cumplir y estar preparado,"Un simulacro anunciado con tres semanas de anticipación, con guion conocido y sin nadie tomando el tiempo, no es un simulacro. Es un ensayo de teatro con acta.

Lo que separa uno real de uno de cumplimiento:

ESCENARIO DEFINIDO Y CREÍBLE. No ""hubo una emergencia"", sino: creciente súbita en tal punto, a tal hora, con estas vías afectadas. El escenario sale de los estudios de riesgo del municipio.

FALLAS INTRODUCIDAS A PROPÓSITO. Una ruta de evacuación bloqueada, un radio sin batería, el coordinador ausente. Las emergencias reales no ocurren en condiciones ideales.

EVALUADORES EXTERNOS CON FORMATO Y CRONÓMETRO. Se miden tiempos: de la alarma a la evacuación completa, del reporte inicial a la activación del consejo municipal.

PARTICIPACIÓN REAL. Si el escenario afecta a un barrio, el simulacro incluye al barrio.

Y lo que decide si sirvió: EL CIERRE. Acta con hallazgos, cada uno con responsable y fecha, y verificación en el siguiente simulacro de que se corrigió.

Se simula para encontrar fallas. Un simulacro donde todo salió perfecto está mal diseñado.","Un simulacro anunciado con tres semanas, con guion conocido y sin nadie tomando el tiempo, no es un simulacro. Es un ensayo de teatro con acta.

Lo que lo hace real:
· Escenario concreto y creíble, sacado de los estudios de riesgo del municipio
· Fallas introducidas a propósito: una ruta bloqueada, un radio sin batería, el coordinador ausente
· Evaluadores externos con formato y cronómetro
· Participación de la comunidad, no solo de funcionarios
· Y el cierre: acta con hallazgos, responsable y fecha, verificados en el siguiente simulacro

La Ley 1523 de 2012 puso la preparación como proceso permanente, no como evento anual.

Uno donde todo salió perfecto está mal diseñado.",#SOSING #Valledupar #Cesar #GestionDelRiesgo #Ley1523 #GestionDelRiesgoDeDesastres #ResilienciaTerritorial #Prevencion,,https://raw.githubusercontent.com/Yair48/sosing-social/main/sosing_dia_52.png
53,2026-10-18,Pozos profundos: perforación y legalización,"El orden correcto para hacer un pozo profundo es el contrario al que se usa casi siempre.

1. ESTUDIO HIDROGEOLÓGICO. Geología de la zona, pozos vecinos y prospección geofísica para ubicar el sitio y estimar la profundidad del acuífero. Sirve para no perforar en seco.

2. PERMISO DE PROSPECCIÓN Y EXPLORACIÓN DE AGUAS SUBTERRÁNEAS. Se tramita ANTES de meter la máquina. Es un permiso distinto de la concesión.

3. PERFORACIÓN CON REGISTRO. Columna litológica metro a metro, rejilla frente a los estratos productores, engravillado y sello sanitario. El sello impide que el agua superficial contaminada baje por el anular hasta el acuífero.

4. PRUEBA DE BOMBEO. Escalonada y de caudal constante, con medición de recuperación. De ahí sale el caudal de explotación seguro.

5. ANÁLISIS DE CALIDAD DEL AGUA, según el uso previsto.

6. CONCESIÓN DE AGUAS SUBTERRÁNEAS, con caudal y régimen de bombeo autorizados.

Y lo que casi nunca se instala: macromedidor y un acceso para medir el nivel dentro del pozo. Sin eso, la operación es a ciegas.

Perforar primero y legalizar después sale más caro.","El orden correcto para hacer un pozo profundo es el contrario al que se usa casi siempre.

1. Estudio hidrogeológico con prospección geofísica — para no perforar en seco
2. Permiso de prospección y exploración, ANTES de meter la máquina. Es distinto de la concesión.
3. Perforación con columna litológica, rejilla frente a los estratos productores, engravillado y sello sanitario
4. Prueba de bombeo escalonada y de caudal constante → caudal seguro de explotación
5. Análisis de calidad según el uso
6. Concesión de aguas subterráneas

Y lo que casi nunca se instala: macromedidor y acceso para medir el nivel dentro del pozo. Sin eso, la operación es a ciegas.",#SOSING #Valledupar #Cesar #AguaPotable #Saneamiento #IngenieriaSanitaria #AguaParaTodos #RecursoHidrico,¿Va a legalizar o construir un pozo? Escríbenos: +57 311 660 8217,https://raw.githubusercontent.com/Yair48/sosing-social/main/sosing_dia_53.png
54,2026-10-19,Practicantes y jóvenes ingenieros: cómo formamos,"Un ingeniero recién graduado sabe calcular. Lo que no sabe es que el dato que escribe en una planilla de campo va a terminar en un documento que alguien firma con su matrícula profesional.

Eso es lo primero que enseñamos.

PRIMERO CAMPO, NO ARCHIVO. Seis meses escaneando documentos no forman a nadie. Sale a campo desde temprano, acompañado, con tareas acotadas y verificables.

EL FORMATO DE CAMPO ES UN DOCUMENTO. Se diligencia completo, en el sitio, sin espacios en blanco. No se pasa en limpio después ""porque quedó feo"": eso es alterar un registro.

SE EXPLICA EL PORQUÉ, NO SOLO EL CÓMO. Por qué la velocidad se mide a 0,6 de la profundidad, por qué el frasco de grasas es de vidrio, por qué el DAP se mide a 1,30 metros. Quien entiende el fundamento sabe cuándo el procedimiento no aplica.

EL ERROR SE REPORTA, NO SE ESCONDE. Un dato dudoso que se avisa el mismo día se resuelve volviendo al punto. Descubierto tres meses después, ya está en un informe radicado.

Y antes de todo: afiliación a riesgos laborales, inducción y EPP completo antes de la primera salida.","Un ingeniero recién graduado sabe calcular. Lo que no sabe es que el dato que escribe en una planilla de campo termina en un documento que alguien firma con su matrícula.

Eso es lo primero que enseñamos.

· Primero campo, no archivo. Seis meses escaneando no forman a nadie.
· El formato de campo es un documento: completo, en el sitio, sin espacios en blanco. No se pasa en limpio después.
· Se explica el porqué, no solo el cómo. Quien entiende el fundamento detecta cuándo el procedimiento no aplica.
· El error se reporta el mismo día. Tres meses después ya está radicado.

Y antes de todo: ARL, inducción y EPP completo antes de la primera salida.",#SOSING #Valledupar #Cesar #EquipoSOSING #IngenieriaColombia #TalentoDelCesar #SeguridadYSalud #OrgulloVallenato,,https://raw.githubusercontent.com/Yair48/sosing-social/main/sosing_dia_54.png
55,2026-10-20,Observaciones al pliego: el arma más subutilizada,"La mayoría de los proponentes entra al proceso cuando ya está el pliego definitivo. Para entonces la pelea más importante ya se perdió.

El momento con verdadero margen es el proyecto de pliego. Ahí la entidad todavía puede modificar sin costo político y sin rehacer cronogramas.

QUÉ SE OBSERVA
· Requisitos habilitantes desproporcionados frente al valor y al objeto
· Códigos UNSPSC que no corresponden a las actividades que se van a ejecutar
· Experiencia exigida en un solo contrato cuando el objeto permite acumular varios
· Perfiles de personal tan específicos que solo una empresa los cumple
· Indicadores financieros sin relación con el tamaño del contrato
· Errores en el presupuesto oficial, en las cantidades o en los análisis de precios unitarios

CÓMO SE HACE BIEN
Una observación útil tiene tres partes: qué dice el pliego, por qué es problemático con sustento técnico o normativo, y una propuesta concreta de redacción alternativa. Pedir que se elimine un requisito sin proponer con qué reemplazarlo casi nunca prospera.

No observar es aceptar el pliego tal como está.","La mayoría entra al proceso cuando ya está el pliego definitivo. Para entonces la pelea más importante ya se perdió.

El margen real está en el proyecto de pliego. Ahí la entidad todavía puede modificar sin costo.

Qué se observa: requisitos habilitantes desproporcionados, códigos UNSPSC que no corresponden al objeto, experiencia exigida en un solo contrato, perfiles que solo cumple un proponente, plazos imposibles, errores en el presupuesto o en los APU.

Cómo se hace bien: qué dice el pliego + por qué es problemático + propuesta concreta de redacción. Pedir que se elimine algo sin proponer reemplazo casi nunca prospera.

No observar es aceptar el pliego tal como está.",#SOSING #Valledupar #Cesar #ContratacionPublica #SECOPII #Licitaciones #Consorcio #RUP #AlianzasEstrategicas,¿Quieres competir en un proceso con nosotros? comercial@sosinggroup.com,https://raw.githubusercontent.com/Yair48/sosing-social/main/sosing_dia_55.png
56,2026-10-21,La Guajira: el desafío hídrico más duro del Caribe,"En La Guajira el problema del agua no se resuelve perforando más pozos.

Las condiciones reales:

· CLIMA ÁRIDO. De las precipitaciones más bajas del país, concentradas en pocas semanas y con evaporación alta.
· AGUA SUPERFICIAL ESCASA. Fuera del Ranchería, arroyos intermitentes que corren pocos días y desaparecen.
· ACUÍFEROS SALINOS. Muchos pozos entregan agua por encima de lo admisible en conductividad y sólidos disueltos. Cerca de la costa, la sobreexplotación acelera la intrusión salina: se bombea más y el agua se vuelve más salada.
· POBLACIÓN DISPERSA. El poblamiento wayuu en rancherías hace inviable la red convencional.

Las soluciones tienen que ser descentralizadas: tratamiento en sitio, desalinización de pequeña escala, cosecha de lluvia y rehabilitación de jagüeyes.

El punto crítico no es la obra: es la operación. Una unidad sin repuestos ni mantenimiento es chatarra en menos de dos años. El paisaje guajiro está lleno de infraestructura buena, instalada y abandonada.

Trabajamos en Cesar y La Guajira. El proyecto que no define quién opera y con qué plata ya falló.","En La Guajira el problema del agua no se resuelve perforando más pozos.

· Clima árido: de las precipitaciones más bajas del país, concentradas en pocas semanas
· Fuera del Ranchería, arroyos intermitentes que corren pocos días
· Acuíferos salinos, y cerca de la costa la sobreexplotación acelera la intrusión salina: se bombea más y el agua se vuelve más salada
· Poblamiento disperso: la red convencional no aplica

Las soluciones son descentralizadas: tratamiento en sitio, desalinización de pequeña escala, cosecha de lluvia, rehabilitación de jagüeyes y molinos.

Y el punto crítico no es la obra: es la operación. El paisaje guajiro está lleno de infraestructura buena, instalada y abandonada.",#SOSING #Valledupar #Cesar #SierraNevada #MedioAmbiente #Caribe #Colombia #Biodiversidad,,https://raw.githubusercontent.com/Yair48/sosing-social/main/sosing_dia_56.png
57,2026-10-22,Inversión forzosa del 1% y compensación ambiental,"Se confunden todo el tiempo y son obligaciones distintas. Pueden aplicar las dos al mismo proyecto.

INVERSIÓN FORZOSA DEL 1%
Nace de la Ley 99 de 1993. Aplica a proyectos con licencia ambiental que usan agua tomada directamente de una fuente natural. Obliga a destinar no menos del 1% de la inversión total a la recuperación, conservación y vigilancia de la cuenca que alimenta esa fuente.

Tres precisiones:
· Se liquida sobre una base definida por la norma —obras civiles, predios, maquinaria y equipo, entre otros rubros—, no sobre lo que al proyecto le parezca.
· Los recursos se ejecutan dentro de la cuenca aportante, con plan de inversión aprobado por la autoridad.
· No es una donación ni un programa de relacionamiento comunitario. Tiene destinación específica.

COMPENSACIÓN AMBIENTAL
Nace de un hecho distinto: el impacto que no se pudo evitar, mitigar ni corregir. Responde a lo que se afectó, no a cuánto costó el proyecto.

EL ERROR CARO: creer que sembrando árboles se cumplen las dos.

Cumplir una no exime de la otra. Y ambas se verifican en el seguimiento.","Se confunden todo el tiempo. Son obligaciones distintas y pueden aplicar las dos al mismo proyecto.

INVERSIÓN DEL 1% (Ley 99 de 1993): aplica a proyectos con licencia ambiental que toman agua directamente de una fuente natural. No menos del 1% de la inversión total va a la cuenca que alimenta esa fuente, con plan aprobado por la autoridad. No es donación ni relacionamiento comunitario.

COMPENSACIÓN: nace del impacto que no se pudo evitar, mitigar ni corregir. Responde a lo que se afectó, no a lo que costó el proyecto.

El error caro: creer que sembrando árboles se cumplen las dos.

Cumplir una no exime de la otra.",#SOSING #Valledupar #Cesar #NormativaAmbiental #CORPOCESAR #LicenciaAmbiental #GestionAmbiental #IngenieriaAmbiental,,https://raw.githubusercontent.com/Yair48/sosing-social/main/sosing_dia_57.png
58,2026-10-23,Modelación de inundaciones: qué se puede y qué no se puede predecir,"Un modelo de inundación es una herramienta poderosa y una fuente frecuente de malentendidos.

LO QUE SÍ PERMITE
· Estimar la mancha de inundación para un caudal asociado a un período de retorno
· Calcular profundidades y velocidades, que definen el daño y el riesgo para las personas
· Comparar alternativas: ampliar el puente, construir el jarillón, recuperar la sección del canal
· Evaluar el efecto aguas arriba y aguas abajo de una obra, el análisis que nadie hace

LO QUE NO PERMITE
· Decir cuándo será el próximo evento. El período de retorno es probabilidad anual, no calendario: uno de 100 años puede repetirse dos veces seguidas.
· Garantizar que un sitio no se inundará
· Compensar una topografía deficiente: el modelo hereda los errores del terreno.
· Incluir basuras, sedimento acumulado o una compuerta que nadie abrió, que explican buena parte de las inundaciones urbanas

Y LA CONDICIÓN QUE DECIDE TODO: LA CALIBRACIÓN. El modelo se contrasta con eventos reales y se ajusta hasta que reproduce lo que ya ocurrió.

Un modelo sin calibrar es una hipótesis bien dibujada.","Un modelo de inundación es una herramienta poderosa y una fuente frecuente de malentendidos.

SÍ PERMITE: estimar la mancha para un caudal de diseño, calcular profundidades y velocidades, comparar alternativas de obra y evaluar el efecto aguas arriba y aguas abajo.

NO PERMITE:
· Decir cuándo será el próximo evento. El período de retorno es probabilidad, no calendario.
· Garantizar que un sitio no se inunde
· Compensar topografía deficiente: el modelo hereda los errores del terreno
· Incluir basuras, sedimento o una compuerta que nadie abrió

Y la condición que decide todo: la calibración con eventos reales.

Un modelo sin calibrar es una hipótesis bien dibujada.",#SOSING #Valledupar #Cesar #IngenieriaAmbiental #TrabajoDeCampo #ConsultoriaAmbiental #IngenieriaColombia #Ingenieria,,https://raw.githubusercontent.com/Yair48/sosing-social/main/sosing_dia_58.png
59,2026-10-24,Fenómeno de El Niño y La Niña: cómo se prepara un municipio,"El Niño y La Niña tienen algo que casi ningún otro fenómeno de riesgo tiene: se anuncian con meses de anticipación. El IDEAM emite alertas antes de que el efecto llegue.

Hay ventana de preparación. Y aun así, la mayoría reacciona cuando ya empezó.

QUÉ CAMBIA CON CADA FASE
En fase seca: desabastecimiento, incendios de cobertura vegetal y estrés agropecuario. En fase húmeda: inundaciones, avenidas torrenciales, movimientos en masa y colapso de vías rurales.

QUÉ SE HACE ANTES
Fase seca: fuentes alternas y su viabilidad legal —una concesión no se tramita en tres días—, estado de pozos y bombeo, control de pérdidas y restricción de quemas.
Fase húmeda: limpiar drenajes y sumideros ANTES de que llueva, monitorear laderas y puntos críticos, asegurar albergues con capacidad y responsable, y verificar comunicaciones y maquinaria.

CÓMO SE FORMALIZA
Con un plan de contingencia por temporada, aprobado en el consejo municipal y articulado con la estrategia municipal de respuesta a emergencias (Ley 1523 de 2012).

Un fenómeno anunciado que sorprende a un municipio no es un desastre natural.","El Niño y La Niña tienen algo que casi ningún otro fenómeno de riesgo tiene: se anuncian con meses de anticipación.

Hay ventana de preparación. Y aun así, casi todos reaccionan cuando ya empezó.

FASE SECA: fuentes alternas y su viabilidad legal —una concesión no se tramita en tres días—, revisar pozos y bombeo, reforzar control de pérdidas, restringir quemas.

FASE HÚMEDA: limpiar drenajes y sumideros ANTES de que llueva, monitorear laderas y puntos críticos, asegurar albergues, verificar comunicaciones y maquinaria.

Todo eso se formaliza en un plan de contingencia aprobado en el consejo municipal.

Un fenómeno anunciado que sorprende no es un desastre natural.",#SOSING #Valledupar #Cesar #GestionDelRiesgo #Ley1523 #GestionDelRiesgoDeDesastres #ResilienciaTerritorial #Prevencion,,https://raw.githubusercontent.com/Yair48/sosing-social/main/sosing_dia_59.png
60,2026-10-25,Vertimiento al suelo: la norma que cambió las reglas,"Durante años se asumió que descargar al suelo era la salida fácil: sin cuerpo de agua visible, sin control. Eso se acabó.

El Decreto 050 de 2018 modificó el Decreto 1076 de 2015 y estructuró el régimen del vertimiento al suelo. Después se fijaron los valores máximos permisibles. Hoy es un permiso con exigencias propias.

QUÉ HAY QUE DEMOSTRAR
· Caracterización con laboratorio acreditado por el IDEAM
· Estudio de suelos: perfil, textura, permeabilidad e infiltración
· Profundidad del nivel freático y riesgo para el agua subterránea. Ese es el corazón del asunto: lo que se infiltra puede llegar al acuífero del que alguien toma agua.
· Sistema de disposición: infiltración o aspersión, área y tasa de aplicación
· Distancias a pozos, aljibes, viviendas y linderos
· Evaluación ambiental del vertimiento y plan de gestión del riesgo para su manejo

Le aplica a estaciones de servicio, lavaderos, plantas de beneficio animal, agroindustria y campamentos de obra.

Y una distinción que se pasa por alto: verter al suelo NO es lo mismo que reusar agua tratada en riego.","Durante años se asumió que descargar al suelo era la salida fácil: sin cuerpo de agua visible, sin control. Eso se acabó.

El Decreto 050 de 2018 estructuró el régimen del vertimiento al suelo, y después se fijaron los valores máximos permisibles. Hoy es un permiso con exigencias propias.

Qué hay que demostrar:
· Caracterización con laboratorio acreditado
· Estudio de suelos: perfil, textura, permeabilidad, infiltración
· Profundidad del nivel freático y riesgo para el agua subterránea ← el corazón del asunto
· Distancias a pozos, aljibes y viviendas
· Evaluación ambiental del vertimiento

Y ojo: verter al suelo NO es lo mismo que reusar agua tratada en riego.",#SOSING #Valledupar #Cesar #AguaPotable #Saneamiento #IngenieriaSanitaria #AguaParaTodos #RecursoHidrico,¿Descarga al suelo? Revisemos su expediente: comercial@sosinggroup.com,https://raw.githubusercontent.com/Yair48/sosing-social/main/sosing_dia_60.png
61,2026-10-26,Detrás de un informe de 400 páginas,"Un informe técnico de 400 páginas suele tener menos de 150 de texto. El resto son anexos, y los anexos son lo que sostiene el documento.

QUÉ HAY ADENTRO
· Formatos de campo, con firma de quien tomó el dato
· Cadenas de custodia de cada muestra
· Certificados de calibración y acreditación vigente del laboratorio
· Memorias de cálculo, con fórmulas y supuestos a la vista
· Cartografía con su información geográfica, en el sistema de referencia oficial
· Registro fotográfico fechado y georreferenciado
· Bases de datos del monitoreo, en formato editable
· Matrículas profesionales y actas de socialización

CÓMO SE ARMA
El índice se construye ANTES de escribir, calcado de los términos de referencia. Así ningún requisito se descubre faltando la noche anterior. Y la fecha de radicación se planea hacia atrás, empezando por los tiempos del laboratorio.

LO QUE TUMBA UN INFORME BUENO
Índice que no corresponde a la paginación. Planos sin rótulo, escala o norte. Cifras distintas en el texto, la tabla y el anexo.

Detalles de forma. Y por forma se devuelven documentos correctos.","Un informe de 400 páginas suele tener menos de 150 de texto. El resto son anexos. Y los anexos son lo que sostiene el documento.

Adentro hay: formatos de campo firmados, cadenas de custodia, certificados de calibración, memorias de cálculo, cartografía con su información geográfica, registro fotográfico fechado y actas de socialización.

Cómo se arma: el índice se construye ANTES de escribir, calcado de los términos de referencia. Y la fecha de radicación se planea hacia atrás, empezando por los tiempos del laboratorio.

Lo que tumba un informe bueno: índice que no corresponde, planos sin escala, cifras distintas entre texto y tabla.

Por forma se devuelven documentos correctos.",#SOSING #Valledupar #Cesar #EquipoSOSING #IngenieriaColombia #TalentoDelCesar #SeguridadYSalud #OrgulloVallenato,,https://raw.githubusercontent.com/Yair48/sosing-social/main/sosing_dia_61.png
62,2026-10-27,Garantía de seriedad de la oferta: los detalles que la invalidan,"La garantía de seriedad es un documento corto que tumba ofertas largas. Casi siempre por detalles de diligenciamiento.

BENEFICIARIO. Debe ser la entidad contratante, con su nombre exacto y su NIT. No la secretaría, no el fondo, no la sigla: lo que diga el pliego.

TOMADOR O AFIANZADO. En consorcio o unión temporal deben figurar la figura asociativa Y todos sus integrantes, con su NIT y su porcentaje. Omitir uno es defecto de fondo.

OBJETO. Debe identificar el proceso: número, objeto y entidad.

VALOR ASEGURADO. El porcentaje mínimo lo fija la norma y lo reitera el pliego. Se verifica en el proceso concreto, no por costumbre.

VIGENCIA. Debe cubrir desde el cierre y hasta lo que exija el pliego. Si el proceso se prorroga, la vigencia se amplía. Nadie avisa.

RIESGOS AMPARADOS. Los que el pliego exija, completos.

Dos precisiones: no presentarla junto con la oferta es causal de rechazo (Ley 1882 de 2018), mientras que los defectos de una garantía sí presentada son subsanables. Y en contratación estatal la falta de pago de la prima no hace expirar la póliza.","La garantía de seriedad es un documento corto que tumba ofertas largas.

Qué verificar, uno por uno:
· BENEFICIARIO: la entidad, con nombre exacto y NIT. No la secretaría ni la sigla.
· TOMADOR: en consorcio o UT deben figurar la figura asociativa Y todos sus integrantes con NIT y porcentaje. Omitir uno es defecto de fondo.
· OBJETO: número del proceso, objeto y entidad.
· VALOR: el porcentaje del pliego de ESE proceso, no el de costumbre.
· VIGENCIA: desde el cierre y hasta lo que exija el pliego. Si el proceso se prorroga, se amplía. Nadie avisa.
· RIESGOS AMPARADOS completos.

Y ojo: no presentarla con la oferta es causal de rechazo (Ley 1882 de 2018).",#SOSING #Valledupar #Cesar #ContratacionPublica #SECOPII #Licitaciones #Consorcio #RUP #AlianzasEstrategicas,Alianzas y estructuración de ofertas: comercial@sosinggroup.com,https://raw.githubusercontent.com/Yair48/sosing-social/main/sosing_dia_62.png
63,2026-10-28,Fauna del Cesar: lo que se ve cuando uno pasa suficiente tiempo en campo,"La fauna no se asoma cuando uno llega. Se asoma cuando uno lleva rato quieto y en silencio, casi siempre a primera hora o al caer la tarde.

En el bosque seco, los bosques de galería y los humedales del Cesar se registran monos aulladores, zorros perro, venados, armadillos, ñeques, oso hormiguero, iguanas, morrocoyes, hicoteas y babillas. Y aves todo el tiempo: garzas, gavilanes, carpinteros, guacharacas, cotorras y las migratorias del sur del departamento.

CÓMO SE REGISTRA EN UN ESTUDIO
Rara vez viéndola. Se usan transectos y puntos de conteo con horario, cámaras trampa, redes de niebla, grabación de cantos y registros indirectos: huellas, madrigueras, heces. Se complementa con entrevistas a quienes viven ahí, que conocen el territorio mejor que cualquier visitante.

Dos advertencias: un inventario hecho en una sola visita no representa nada —hay que cubrir temporada seca y de lluvias, y horarios diurnos y nocturnos—, y colectar especímenes exige permiso de recolección.

Donde queda corredor ribereño, hay fauna. Donde se tumbó hasta la orilla, no hay nada que registrar.","La fauna no se asoma cuando uno llega. Se asoma cuando uno lleva rato quieto, casi siempre a primera hora o al caer la tarde.

En el bosque seco y los humedales: monos aulladores, zorros perro, venados, armadillos, ñeques, oso hormiguero, iguanas, morrocoyes, hicoteas y babillas. Y aves todo el tiempo.

Cómo se registra: transectos y puntos de conteo con horario, cámaras trampa, redes de niebla, grabación de cantos y registros indirectos —huellas, madrigueras, heces—.

Dos advertencias: un inventario de un solo día no representa nada, y colectar especímenes exige permiso de recolección.

Donde queda corredor ribereño, hay fauna. Donde se tumbó hasta la orilla, no hay nada que registrar.",#SOSING #Valledupar #Cesar #SierraNevada #MedioAmbiente #Caribe #Colombia #Biodiversidad,,https://raw.githubusercontent.com/Yair48/sosing-social/main/sosing_dia_63.png
64,2026-10-29,Sanciones ambientales Ley 1333: cómo se calcula realmente una multa,"Una multa ambiental no se fija a criterio del funcionario. Se calcula.

La Ley 1333 de 2009 fijó el procedimiento sancionatorio, y la metodología de tasación que adoptó el Ministerio de Ambiente define qué entra en el cálculo:

· BENEFICIO ILÍCITO — lo que el infractor se ahorró por no cumplir.
· TEMPORALIDAD — cuántos días duró la infracción.
· GRADO DE AFECTACIÓN, o evaluación del riesgo cuando no hay daño consumado.
· AGRAVANTES Y ATENUANTES — reincidencia, ocultamiento, colaboración.
· COSTOS ASOCIADOS al proceso.
· CAPACIDAD SOCIOECONÓMICA del infractor.

Tres consecuencias prácticas:

1. Cuanto más se demore en corregir, más cara. La temporalidad corre todos los días.

2. Ahorrarse el cumplimiento no sale gratis: ese ahorro es la base del cálculo, no un dato secundario.

3. La ley presume la culpa o el dolo del infractor. Le corresponde a usted desvirtuarlo, no a la autoridad probar la intención.

Y la multa no es la única sanción: también hay cierre, revocatoria del permiso y decomiso.","Una multa ambiental no se fija a criterio del funcionario. Se calcula.

La metodología de tasación de la Ley 1333 combina:
· Beneficio ilícito — lo que se ahorró por no cumplir
· Temporalidad — cuántos días duró la infracción
· Grado de afectación o evaluación del riesgo
· Agravantes y atenuantes
· Costos asociados
· Capacidad socioeconómica

Tres consecuencias:
1. Mientras más tarde en corregir, más cara. La temporalidad corre.
2. El ahorro por no cumplir es la BASE del cálculo.
3. La ley presume culpa o dolo: le toca a usted desvirtuarlo.

Y la multa no es la única sanción. También hay cierre y revocatoria del permiso.",#SOSING #Valledupar #Cesar #NormativaAmbiental #CORPOCESAR #LicenciaAmbiental #GestionAmbiental #IngenieriaAmbiental,¿Ya le notificaron un proceso? Escríbenos: +57 311 660 8217,https://raw.githubusercontent.com/Yair48/sosing-social/main/sosing_dia_64.png
65,2026-10-30,Diseño de PTAR compacta para corregimientos,"Un corregimiento no necesita una planta municipal. Necesita una planta que alguien pueda operar el año entrante.

Lo que define el diseño, en orden:

1. CAUDAL. Población de diseño al horizonte que exige el RAS, dotación neta y factor de retorno. De ahí salen caudal medio, máximo horario y mínimo. El mínimo importa tanto como el máximo: una planta que no recibe carga en la madrugada pierde biomasa.

2. CARGA, NO SOLO CAUDAL. Se dimensiona por kilogramos de DBO y SST por día, no por metros cúbicos.

3. TREN DE TRATAMIENTO. Cribado, desarenador y trampa de grasas siempre. Después viene la decisión real: reactor anaerobio de flujo ascendente con filtro anaerobio y humedal, o un sistema aireado. El anaerobio casi no consume energía; el aireado sí, y ese recibo lo paga el municipio cada mes.

4. LODOS Y DESINFECCIÓN, definidos desde el diseño. El vertimiento final debe cumplir la Resolución 0631 de 2015.

Y el criterio que decide: si no hay operador entrenado ni recursos para energía y reactivos, el diseño elegante es el diseño equivocado.","Un corregimiento no necesita una planta municipal. Necesita una que alguien pueda operar el año entrante.

Lo que define el diseño:
· Caudal — población al horizonte del RAS, dotación, factor de retorno. Y el caudal MÍNIMO importa: sin carga en la madrugada se pierde biomasa
· Carga — se dimensiona por kg de DBO y SST/día, no por metros cúbicos
· Tren — cribado, desarenador y trampa de grasas siempre. Luego: anaerobio (casi sin energía) o aireado (con recibo de luz cada mes)
· Lodos y desinfección desde el diseño

El criterio que decide: sin operador entrenado ni recursos para energía, el diseño elegante es el equivocado.",#SOSING #Valledupar #Cesar #IngenieriaAmbiental #TrabajoDeCampo #ConsultoriaAmbiental #IngenieriaColombia #Ingenieria,,https://raw.githubusercontent.com/Yair48/sosing-social/main/sosing_dia_65.png
66,2026-10-31,Reasentamiento por riesgo no mitigable: el proceso completo,"Cuando un estudio detallado concluye que el riesgo no es mitigable, la única medida que protege vidas es sacar a la gente de ahí. Y eso es mucho más que mudar familias.

La secuencia completa:

1. ESTUDIO DETALLADO que sustente la condición. Sin él la decisión no se defiende.
2. INCORPORACIÓN del área como suelo de protección en el POT.
3. CENSO CON FECHA DE CORTE. Es lo que impide que el anuncio atraiga nuevas ocupaciones.
4. CARACTERIZACIÓN socioeconómica: tenencia, ingresos, de qué vive cada hogar.
5. ALTERNATIVAS: vivienda de reposición, adquisición del predio, reconocimientos económicos. No hay una fórmula única.
6. TRASLADO Y ACOMPAÑAMIENTO social.
7. CONTROL DEL SUELO LIBERADO: demolición, cerramiento y vigilancia.

El paso 7 es el que casi nadie presupuesta y el que decide si el reasentamiento sirvió. Un predio liberado sin control se reocupa en meses, casi siempre por familias más pobres que las que salieron.

Y el error de fondo: tratarlo como un problema de vivienda. Es un problema de medios de vida. La familia que pierde su ingreso al mudarse, regresa.","Si el riesgo no es mitigable, la única medida que protege vidas es el reasentamiento. Y es mucho más que mudar familias.

1. Estudio detallado que sustente la condición
2. Suelo de protección en el ordenamiento
3. Censo CON FECHA DE CORTE (evita nuevas ocupaciones)
4. Caracterización socioeconómica de cada hogar
5. Alternativas: reposición, adquisición, reconocimientos
6. Traslado y acompañamiento
7. Control del suelo liberado: demolición y vigilancia

El paso 7 nadie lo presupuesta. Y es el que decide si sirvió: un predio liberado sin control se reocupa en meses.

No es un problema de vivienda. Es de medios de vida. Quien pierde su ingreso al mudarse, regresa.",#SOSING #Valledupar #Cesar #GestionDelRiesgo #Ley1523 #GestionDelRiesgoDeDesastres #ResilienciaTerritorial #Prevencion,,https://raw.githubusercontent.com/Yair48/sosing-social/main/sosing_dia_66.png
67,2026-11-01,Redes de alcantarillado: separado vs. combinado,"COMBINADO: aguas residuales y lluvias por la misma tubería. SEPARADO: dos redes independientes. La diferencia no se nota en el papel; se nota cuando llueve.

COMBINADO
· Una sola red: menor inversión inicial y menos conflicto en el subsuelo
· Exige estructuras de alivio que, en lluvia, descargan al cuerpo de agua sin tratamiento
· Obliga a diseñar la PTAR para un caudal extremadamente variable

SEPARADO
· Dos redes: más inversión y más excavación
· La PTAR recibe caudal estable y trata lo que debe tratar
· Es lo que se exige para desarrollos nuevos

El problema real en Colombia no es escoger. Es que la mayoría de los cascos urbanos operan sistemas mixtos de hecho: separados en el plano y mal conectados en la calle. Domiciliarias empatadas a la red pluvial, bajantes de patio empatados a la sanitaria.

Una conexión errada no se ve desde la superficie. Se detecta con inspección en tiempo seco, cámara y trazadores.

Antes de invertir en ampliar una PTAR, conviene medir cuánta agua lluvia le está llegando.","Combinado: residuales y lluvias por la misma tubería. Separado: dos redes. La diferencia se nota cuando llueve.

COMBINADO
· Menor inversión inicial
· Alivios que descargan al río SIN tratar en lluvia
· PTAR con caudal extremadamente variable

SEPARADO
· Más inversión y más excavación
· PTAR con caudal estable
· Es lo exigido para desarrollos nuevos

El problema real no es escoger: es que casi todo casco urbano es mixto de hecho. Separado en el plano, mal conectado en la calle.

Una conexión errada no se ve desde arriba. Se detecta con inspección en tiempo seco y trazadores.

Antes de ampliar la PTAR, mida cuánta lluvia le llega.",#SOSING #Valledupar #Cesar #AguaPotable #Saneamiento #IngenieriaSanitaria #AguaParaTodos #RecursoHidrico,,https://raw.githubusercontent.com/Yair48/sosing-social/main/sosing_dia_67.png
68,2026-11-02,Ética profesional en consultoría ambiental: los dilemas reales,"En consultoría ambiental los dilemas éticos rara vez se ven como dilemas. Se ven como plazos.

Los cuatro que aparecen de verdad:

1. EL RESULTADO INCÓMODO. El monitoreo da por fuera de norma y alguien sugiere repetir el muestreo. Repetir es válido cuando hay una falla documentada del procedimiento. No lo es cuando el motivo es el resultado.

2. LA FIRMA PRESTADA. Firmar un estudio que uno no elaboró ni revisó. El ejercicio de la ingeniería en Colombia tiene código de ética propio —Ley 842 de 2003— y el COPNIA sanciona: desde amonestación hasta cancelación de la matrícula profesional.

3. EL ALCANCE RECORTADO POR PRECIO. Ofertar por debajo del costo real del campo obliga después a inventarlo. Un presupuesto que no alcanza para las jornadas de muestreo es una decisión ética tomada en la etapa comercial.

4. EL CONFLICTO DE INTERÉS. Interventoría y ejecución no se firman desde el mismo lado.

La prueba es simple: si el informe tuviera que sostenerse ante un tercero que revise los datos crudos, ¿se sostiene?

Si la respuesta depende de que nadie mire, ya está respondida.","En consultoría ambiental los dilemas éticos rara vez se ven como dilemas. Se ven como plazos.

Los cuatro reales:

1. EL RESULTADO INCÓMODO — repetir un muestreo es válido si hubo falla documentada del procedimiento. No si el motivo es el resultado.

2. LA FIRMA PRESTADA — la Ley 842 de 2003 rige la ética de la ingeniería. El COPNIA puede cancelar la matrícula.

3. EL ALCANCE RECORTADO POR PRECIO — ofertar por debajo del costo del campo obliga después a inventar el campo.

4. EL CONFLICTO DE INTERÉS — interventoría y ejecución no se firman del mismo lado.

Si el informe depende de que nadie revise los datos crudos, ya se respondió solo.",#SOSING #Valledupar #Cesar #EquipoSOSING #IngenieriaColombia #TalentoDelCesar #SeguridadYSalud #OrgulloVallenato,,https://raw.githubusercontent.com/Yair48/sosing-social/main/sosing_dia_68.png
69,2026-11-03,Anticipo y amortización: cómo se maneja sin quebrar el flujo de caja,"El anticipo no es un pago. Es plata de la entidad que usted administra y devuelve trabajando.

La diferencia jurídica importa: en el PAGO ANTICIPADO los recursos entran al patrimonio del contratista; en el ANTICIPO siguen siendo públicos hasta amortizarse. Por eso exige plan de inversión, garantía de buen manejo y, en obra pública por licitación, patrimonio autónomo (Ley 1474 de 2011).

La amortización funciona así: cada acta parcial se descuenta en la misma proporción que el anticipo representó sobre el contrato. Si recibió el 30%, cada acta llega descontada en 30%.

Los tres errores que quiebran la caja:

1. Tratarlo como capital de trabajo libre. Está destinado a este contrato y su destinación se audita.

2. Proyectar el flujo con el valor bruto de las actas. Cada factura llega amortizada: la caja se proyecta con el neto.

3. Olvidar los demás descuentos: retegarantía, estampillas, retenciones. Entre el acta y lo que entra a la cuenta hay una diferencia que se calcula antes de ofertar.

La Ley 80 de 1993 limita el anticipo al 50% del contrato. Ese techo existe por algo.","El anticipo no es un pago. Es plata de la entidad que usted administra y devuelve trabajando.

Pago anticipado → entra al patrimonio del contratista.
Anticipo → sigue siendo público hasta amortizarse. Por eso: plan de inversión, garantía de buen manejo y, en obra por licitación, patrimonio autónomo (Ley 1474 de 2011).

Amortización: cada acta se descuenta en la misma proporción del anticipo. Recibió 30%, le descuentan 30%.

Los 3 errores que quiebran la caja:
1. Usarlo como capital de trabajo libre — su destinación se audita
2. Proyectar el flujo con el valor bruto del acta
3. No calcular retegarantía, estampillas y retenciones

Ley 80: máximo 50% del contrato.",#SOSING #Valledupar #Cesar #ContratacionPublica #SECOPII #Licitaciones #Consorcio #RUP #AlianzasEstrategicas,¿Estás estructurando el flujo de caja de una propuesta? Escríbenos.,https://raw.githubusercontent.com/Yair48/sosing-social/main/sosing_dia_69.png
70,2026-11-04,Valledupar y su crecimiento urbano: lo que implica para el agua,"Valledupar crece hacia el norte y el oriente. Cada hectárea nueva de ciudad tiene tres consecuencias hídricas, y todas se deciden años antes de la primera casa.

1. MÁS DEMANDA. La ciudad no crece solo en habitantes: crece en dotación por habitante. Más zonas verdes regadas, más comercio. Y el caudal disponible depende del Guatapurí, un río de montaña con estiaje marcado. La oferta no crece porque crezca el perímetro urbano.

2. MÁS ESCORRENTÍA. Un lote en pastos infiltra; pavimentado no. Al impermeabilizar, el agua corre por la superficie, más rápido y en mayor volumen. La red pluvial de hace veinte años recibe hoy el agua de una ciudad más grande. Por eso se inundan esquinas que antes no se inundaban.

3. MÁS PRESIÓN SOBRE LAS RONDAS. El suelo más barato suele ser el más cercano a los arroyos. Es exactamente el suelo que no se debe urbanizar.

La conclusión: la disponibilidad hídrica y la capacidad de drenaje son insumo del ordenamiento territorial, no un capítulo que se escribe después de decidir dónde va la expansión.

Se planea la ciudad con el agua que hay. No al revés.","Valledupar crece hacia el norte y el oriente. Cada hectárea nueva tiene tres consecuencias hídricas:

1. MÁS DEMANDA — la ciudad crece en habitantes y en dotación por habitante. Pero la oferta depende del Guatapurí, un río con estiaje marcado. No crece porque crezca el perímetro.

2. MÁS ESCORRENTÍA — un lote en pastos infiltra; pavimentado no. El agua corre más rápido y en más volumen. Por eso se inundan esquinas que antes no se inundaban.

3. MÁS PRESIÓN SOBRE LAS RONDAS — el suelo más barato es el más cercano al arroyo. Y es el que no se debe urbanizar.

Se planea la ciudad con el agua que hay. No al revés.",#SOSING #Valledupar #Cesar #SierraNevada #MedioAmbiente #Caribe #Colombia #Biodiversidad,,https://raw.githubusercontent.com/Yair48/sosing-social/main/sosing_dia_70.png
71,2026-11-05,Plan de contingencia para manejo de hidrocarburos,"Un plan de contingencia para hidrocarburos no es una carpeta. Responde a una pregunta concreta: si se derrama combustible aquí, a esta hora, ¿qué pasa en los primeros treinta minutos?

Lo que debe tener:

· ANÁLISIS POR ESCENARIO. Volumen máximo probable, causa y trayectoria. Un derrame en patio de tanques no se atiende como uno en carretera junto a un caño.
· TIEMPO DE LLEGADA al cuerpo de agua más cercano. Ese número condiciona todo.
· PUNTOS DE CONTROL verificados en campo: dónde se instala la barrera, en qué margen, por dónde entra el vehículo.
· NIVELES DE ACTIVACIÓN y cadena de llamadas con nombres y celulares, no con cargos.
· RECURSOS REALES inventariados y ubicados, con responsable de mantenimiento: barreras, absorbentes, tambores, EPP.
· RESIDUOS. El suelo contaminado y los absorbentes usados son residuo peligroso: exigen gestor autorizado.
· SIMULACROS con registro.

El marco lo dan la Ley 1523 de 2012 y el Plan Nacional de Contingencia frente a derrames de hidrocarburos.

Un plan que nunca se simuló no se conoce. Y lo que no se conoce, en emergencia, no se usa.","Un plan de contingencia para hidrocarburos no es una carpeta. Responde a: si se derrama aquí, a esta hora, ¿qué pasa en los primeros 30 minutos?

Lo que debe tener:
· Escenarios con volumen probable y trayectoria
· Tiempo de llegada al cuerpo de agua más cercano ← condiciona todo
· Puntos de control verificados en campo: dónde va la barrera y por dónde se llega
· Cadena de llamadas con nombres y celulares, no cargos
· Recursos inventariados y ubicados, con responsable
· Manejo del residuo peligroso resultante
· Simulacros con registro

Marco: Ley 1523 de 2012 y el Plan Nacional de Contingencia.

Lo que no se simula, en emergencia no se usa.",#SOSING #Valledupar #Cesar #NormativaAmbiental #CORPOCESAR #LicenciaAmbiental #GestionAmbiental #IngenieriaAmbiental,,https://raw.githubusercontent.com/Yair48/sosing-social/main/sosing_dia_71.png
72,2026-11-06,Interventoría ambiental: qué revisa realmente el interventor,"La pregunta que más nos hacen los contratistas: ¿qué revisa realmente un interventor ambiental?

· PERMISOS. Concesión, vertimientos, ocupación de cauce, aprovechamiento forestal, emisiones. Con sus obligaciones, no solo el número de resolución.
· CUMPLIMIENTO FICHA POR FICHA del plan de manejo. Cada ficha tiene indicadores y metas: se verifican con evidencia, no con relato.
· MATERIALES. Fuentes con título y permisos vigentes; escombros a sitio autorizado.
· RESIDUOS. Segregación, almacenamiento temporal, actas de disposición y gestores autorizados.
· AGUAS Y SEDIMENTOS. Escorrentía, sedimentadores, lavado de llantas y canecas.
· AIRE Y RUIDO. Riego de vías, carpado de volquetas, horarios.
· FORESTAL. Individuos autorizados frente a intervenidos, y compensaciones ejecutadas y sobrevivientes.
· SOCIAL Y SST. PQRS, actas de socialización, EPP en uso.

Y una advertencia: bajo la Ley 1474 de 2011 el interventor responde civil, fiscal, penal y disciplinariamente por los hechos y omisiones que le sean imputables.

Firmar un recibo que no corresponde no es un favor. Es un riesgo personal.","¿Qué revisa realmente un interventor ambiental?

· Permisos vigentes Y sus obligaciones específicas
· Cumplimiento ficha por ficha del PMA, con evidencia
· Fuentes de material con título; escombros a sitio autorizado
· Residuos: segregación, actas de disposición, gestor autorizado
· Escorrentía, sedimentadores, lavado de llantas
· Riego de vías, carpado de volquetas, ruido y horarios
· Forestal: autorizados vs. intervenidos, y compensaciones SOBREVIVIENTES
· PQRS, actas de socialización, EPP

Y algo que conviene saber: bajo la Ley 1474 de 2011 el interventor responde civil, fiscal, penal y disciplinariamente.

Firmar un recibo que no corresponde no es un favor. Es un riesgo personal.",#SOSING #Valledupar #Cesar #IngenieriaAmbiental #TrabajoDeCampo #ConsultoriaAmbiental #IngenieriaColombia #Ingenieria,¿Necesitas interventoría ambiental para un contrato en ejecución? Escríbenos: comercial@sosinggroup.com,https://raw.githubusercontent.com/Yair48/sosing-social/main/sosing_dia_72.png
73,2026-11-07,Gestión del riesgo en el sector minero del Cesar,"En una operación a cielo abierto el riesgo no es un evento aislado: es una condición diaria que se administra.

Los escenarios a cubrir:

· TALUDES Y BOTADEROS. La estabilidad del estéril apilado depende del ángulo, del drenaje interno y del control de infiltración. Un botadero mal drenado falla en lluvias, no en verano.
· AGUAS DE CONTACTO. El agua que toca material intervenido no se debe mezclar con la escorrentía limpia. Separar los flujos desde el diseño es más barato que tratar todo.
· CALIDAD DEL AIRE. Material particulado por voladura, volquetas y erosión eólica de pilas. Se controla con riego y cobertura, y se verifica con monitoreo frente a la norma nacional.
· VOLADURAS. Vibración y onda aérea con monitoreo instrumentado y protocolo previo con las comunidades.
· CIERRE. El escenario que menos se atiende y el más costoso.

La Ley 1523 de 2012 obliga a las entidades que desarrollan actividades de alto riesgo a formular su propio plan y articularlo con el municipal. Ahí está la debilidad frecuente: planes sólidos que nunca se sentaron en la mesa del consejo municipal.","En minería a cielo abierto el riesgo no es un evento. Es una condición diaria que se administra.

· TALUDES Y BOTADEROS — la estabilidad depende del ángulo, el drenaje interno y el control de infiltración. Un botadero mal drenado falla en lluvias.
· AGUAS DE CONTACTO — separarlas de la escorrentía limpia desde el diseño es más barato que tratar todo.
· AIRE — particulado por voladura, volquetas y erosión de pilas. Riego, cobertura y monitoreo.
· VOLADURAS — vibración y onda aérea instrumentadas.
· CIERRE — el menos atendido y el más costoso.

La Ley 1523 obliga a las actividades de alto riesgo a articular su plan con el municipal.

La emergencia no distingue linderos de título.",#SOSING #Valledupar #Cesar #GestionDelRiesgo #Ley1523 #GestionDelRiesgoDeDesastres #ResilienciaTerritorial #Prevencion,,https://raw.githubusercontent.com/Yair48/sosing-social/main/sosing_dia_73.png
74,2026-11-08,Captación superficial vs. subterránea: cómo se decide,"No es una preferencia técnica. Es un análisis de alternativas con seis variables.

1. OFERTA. En superficial se necesita la serie de caudales y la curva de duración: lo que importa no es el caudal medio, es el caudal en estiaje. En subterránea, la prueba de bombeo define caudal seguro y abatimiento.

2. CAUDAL AMBIENTAL. De un río no se puede tomar todo. Lo que queda en el cauce es una restricción de diseño, no un trámite.

3. CALIDAD. La superficial cambia con la lluvia —turbiedad y carga microbiológica— y exige planta convencional. La subterránea es más estable, pero puede traer hierro, manganeso o dureza, y cerca de la costa, intrusión salina.

4. ENERGÍA. Un pozo bombea siempre; una captación por gravedad no. Esa diferencia se paga cada mes durante toda la vida del sistema.

5. TRÁMITE. La subterránea suma permiso de prospección y exploración antes de perforar. Perforar sin él es un sancionatorio.

6. VULNERABILIDAD. Ante sequía prolongada el acuífero responde mejor; ante sobreexplotación, no perdona.

La decisión se toma con costos de ciclo de vida, no con el valor de la obra.","Superficial o subterránea no es una preferencia. Es un análisis de alternativas con 6 variables:

1. OFERTA — en río importa el caudal en estiaje, no el medio. En pozo, la prueba de bombeo.
2. CAUDAL AMBIENTAL — lo que queda en el cauce es restricción de diseño, no trámite.
3. CALIDAD — superficial: turbiedad y microbiología. Subterránea: hierro, manganeso, dureza, intrusión salina.
4. ENERGÍA — un pozo bombea siempre. La gravedad no cobra.
5. TRÁMITE — sin permiso de prospección, perforar es un sancionatorio.
6. VULNERABILIDAD ante sequía y sobreexplotación.

Se decide con costo de ciclo de vida, no con valor de obra.",#SOSING #Valledupar #Cesar #AguaPotable #Saneamiento #IngenieriaSanitaria #AguaParaTodos #RecursoHidrico,,https://raw.githubusercontent.com/Yair48/sosing-social/main/sosing_dia_74.png
75,2026-11-09,Nuestras herramientas de campo y por qué las calibramos,"Un dato tomado con un equipo descalibrado no es un dato. Es una cifra con decimales.

Lo que llevamos a campo y qué exige cada cosa:

· MULTIPARÁMETRO (pH, conductividad, oxígeno disuelto, temperatura). Se calibra con soluciones patrón antes de cada jornada y se verifica al terminar. El oxígeno disuelto se ajusta por presión atmosférica: el mismo equipo lee distinto en la Sierra y en el valle.
· SONÓMETRO. Verificación con calibrador acústico antes y después de cada medición. Si la lectura posterior se sale del margen admitido, la medición se repite.
· RECEPTOR GNSS. Configurado en el sistema de referencia oficial y con registro de la precisión alcanzada. Un punto sin precisión declarada no sirve para cartografía.
· CORRENTÓMETRO. Certificado de calibración vigente y hélice revisada.

Todo con certificados trazables a patrones nacionales y bitácora de verificación firmada.

¿Por qué tanto? Porque un dato de campo se defiende meses después, cuando ya nadie recuerda ese día. Lo único que queda es el registro: el formato, la foto, la cadena de custodia y el certificado del equipo.","Un dato tomado con un equipo descalibrado no es un dato. Es una cifra con decimales.

· MULTIPARÁMETRO — soluciones patrón antes de cada jornada. El oxígeno disuelto se ajusta por presión: lee distinto en la Sierra y en el valle.
· SONÓMETRO — calibrador acústico antes y después. Si la lectura final se sale del margen, se repite la medición.
· GNSS — sistema de referencia oficial y precisión declarada. Sin precisión, no sirve para cartografía.
· CORRENTÓMETRO — certificado vigente y hélice revisada.

Todo con trazabilidad y bitácora firmada.

Un dato se defiende meses después. Lo único que queda es el registro.",#SOSING #Valledupar #Cesar #EquipoSOSING #IngenieriaColombia #TalentoDelCesar #SeguridadYSalud #OrgulloVallenato,,https://raw.githubusercontent.com/Yair48/sosing-social/main/sosing_dia_75.png
76,2026-11-10,Cómo elegir un socio para consorcio: nuestra lista de verificación,"En un consorcio la responsabilidad es solidaria: el incumplimiento del otro es suyo. Por eso al socio se le estudia igual que a un contrato.

Nuestra lista de verificación, en orden:

1. RUP EN FIRME, no en trámite. Con los códigos UNSPSC que realmente aporta al proceso y el valor de su mayor contrato individual.
2. CAPACIDAD RESIDUAL DISPONIBLE. De poco sirve un socio con gran experiencia si ya está comprometido y no habilita.
3. INDICADORES FINANCIEROS QUE COMPLEMENTEN, no que repitan. Dos socios fuertes en lo mismo y débiles en lo mismo no suman.
4. ANTECEDENTES. Inhabilidades, sanciones registradas, antecedentes fiscales y disciplinarios. Se consultan, no se preguntan.
5. HISTORIAL DE CUMPLIMIENTO, con las liquidaciones de contratos anteriores a la vista.
6. EQUIPO PROFESIONAL PROPIO y disponible, no hojas de vida conseguidas para el pliego.
7. ACUERDO ESCRITO ANTES DE PRESENTAR: quién ejecuta qué, quién factura, cómo se reparte el anticipo, quién aporta cada garantía.

El punto 7 evita la mayoría de los pleitos entre socios, y es el que más se improvisa la noche del cierre.","En consorcio la responsabilidad es solidaria: el incumplimiento del otro es su incumplimiento. Al socio se le estudia como a un contrato.

1. RUP en firme, no en trámite — con los códigos que sí aporta
2. Capacidad residual disponible
3. Indicadores financieros que COMPLEMENTEN, no que repitan
4. Antecedentes: inhabilidades, sanciones, fiscales y disciplinarios. Se consultan, no se preguntan
5. Historial de cumplimiento con liquidaciones a la vista
6. Equipo propio, no hojas de vida conseguidas para el pliego
7. Acuerdo escrito ANTES de presentar

El punto 7 evita casi todos los pleitos. Y es el que más se improvisa la noche del cierre.",#SOSING #Valledupar #Cesar #ContratacionPublica #SECOPII #Licitaciones #Consorcio #RUP #AlianzasEstrategicas,¿Buscas socio para un proceso en Cesar o La Guajira? Escríbenos: comercial@sosinggroup.com,https://raw.githubusercontent.com/Yair48/sosing-social/main/sosing_dia_76.png
77,2026-11-11,Minería y territorio en el Cesar: el pasivo ambiental que viene,"Toda mina cierra. Es la única certeza de la actividad minera. Y el pasivo ambiental no nace el día del cierre: nace el día en que el cierre no se provisiona.

Qué queda físicamente cuando una operación a cielo abierto termina:

· Tajos que se llenan de agua y forman cuerpos hídricos artificiales, con una calidad que hay que monitorear por años.
· Botaderos de estéril que deben quedar geotécnicamente estables y con cobertura vegetal establecida, no apenas sembrada.
· Suelo que perdió su horizonte orgánico. Recuperarlo es más lento y más caro que moverlo.
· Vías industriales, patios y campamentos por desmantelar o reconvertir.

Y qué queda socialmente: una economía local construida alrededor de una actividad que ya no está.

El cierre se planea desde el plan de manejo, con costos, cronograma y garantías. El monitoreo posterior se extiende años después de la última tonelada, y alguien tiene que ejecutarlo y pagarlo.

Para el Cesar la pregunta no es si esto va a pasar. Es si los municipios están construyendo hoy la capacidad técnica para verificarlo. Esa capacidad se construye antes.","Toda mina cierra. Es la única certeza de la minería.

El pasivo ambiental no nace el día del cierre. Nace el día en que el cierre no se provisiona.

Qué queda:
· Tajos convertidos en cuerpos de agua que hay que monitorear por años
· Botaderos que deben quedar estables y con cobertura ESTABLECIDA, no sembrada
· Suelo sin horizonte orgánico: recuperarlo es más lento que moverlo
· Infraestructura por desmantelar o reconvertir
· Una economía local construida sobre lo que ya no está

Para el Cesar la pregunta no es si va a pasar. Es si los municipios tendrán capacidad técnica para verificar el cierre.

Esa capacidad se construye antes.",#SOSING #Valledupar #Cesar #SierraNevada #MedioAmbiente #Caribe #Colombia #Biodiversidad,,https://raw.githubusercontent.com/Yair48/sosing-social/main/sosing_dia_77.png
78,2026-11-12,PGIRS: el plan que define si un municipio puede prestar aseo,"El PGIRS no es un documento ambiental de anaquel. Es el instrumento que define qué actividades de aseo se prestan en el municipio y cómo se financian.

Lo formula el municipio conforme al Decreto 1077 de 2015 y a la metodología nacional vigente. Tiene horizonte de doce años y se revisa cada cuatro, al inicio de cada periodo de alcalde.

Sus programas cubren, entre otros:
· Institucional para la prestación del servicio
· Recolección, transporte y transferencia
· Barrido y limpieza de vías y áreas públicas
· Corte de césped y poda de árboles
· Lavado de áreas públicas
· Aprovechamiento e inclusión de recicladores de oficio
· Disposición final
· Residuos especiales y de construcción y demolición
· Gestión de residuos en el área rural
· Gestión del riesgo asociada al servicio

Aquí está lo que casi nadie conecta: la regulación tarifaria del aseo toma del PGIRS las frecuencias, las áreas y las cantidades de varias de esas actividades. Si el PGIRS no las define, o las define mal, el prestador no las puede trasladar correctamente a la tarifa.

Un PGIRS desactualizado se paga en la calle.","El PGIRS no es un documento de anaquel. Define qué actividades de aseo se prestan y cómo se financian.

Decreto 1077 de 2015. Horizonte de 12 años, revisión cada 4, al inicio de cada periodo de alcalde.

Cubre: recolección y transporte, barrido y limpieza, corte de césped y poda, lavado de áreas públicas, aprovechamiento e inclusión de recicladores, disposición final, RCD, área rural y gestión del riesgo.

Lo que casi nadie conecta: la tarifa de aseo toma del PGIRS las frecuencias, áreas y cantidades. Si el PGIRS no las define bien, el prestador no las puede trasladar a la tarifa.

Se barre y se poda sin recursos. Un PGIRS desactualizado se paga en la calle.",#SOSING #Valledupar #Cesar #NormativaAmbiental #CORPOCESAR #LicenciaAmbiental #GestionAmbiental #IngenieriaAmbiental,,https://raw.githubusercontent.com/Yair48/sosing-social/main/sosing_dia_78.png
79,2026-11-13,Supervisión técnica de obra: el acta que salva contratos,"En una obra, lo que no está en un acta no ocurrió. Así de simple es la regla cuando aparece una reclamación.

Las actas que lo sostienen:

· ACTA DE VECINDAD, antes de empezar. Estado de predios, vías y redes colindantes con registro fotográfico fechado. Es la única defensa frente a reclamaciones por daños preexistentes.
· ACTA DE INICIO. Fija el arranque efectivo del plazo.
· BITÁCORA DIARIA. Clima, personal, equipos, actividades, novedades. Firmada. Sin ella no se prueba un día perdido por lluvia.
· ACTAS DE COMITÉ con compromiso, responsable y fecha.
· ACTA DE SUSPENSIÓN. La más importante y la que más se demora en firmar. Debe indicar causa, fecha, avance y condiciones de reinicio. Suspender de hecho sin acta convierte un retraso justificado en un incumplimiento.
· ACTAS PARCIALES con cantidades medidas en obra, no estimadas.

Y una regla que ahorra pleitos: las mayores cantidades y las obras adicionales se autorizan por escrito ANTES de ejecutarse. Ejecutar primero y legalizar después lleva a obra que nadie puede pagar.

La supervisión no es desconfianza. Es memoria escrita.","En obra, lo que no está en un acta no ocurrió. La regla aparece cuando llega la reclamación.

· ACTA DE VECINDAD antes de empezar — la única defensa frente a daños preexistentes
· ACTA DE INICIO — fija el arranque del plazo
· BITÁCORA DIARIA firmada — sin ella no se prueba un día perdido por lluvia
· ACTAS DE COMITÉ con responsable y fecha
· ACTA DE SUSPENSIÓN — causa, fecha, avance y condiciones de reinicio. Suspender de hecho sin acta convierte un retraso justificado en incumplimiento
· ACTAS PARCIALES con cantidades medidas en obra

Y la regla de oro: mayores cantidades y obras adicionales se autorizan ANTES de ejecutarse.

La supervisión no es desconfianza. Es memoria escrita.",#SOSING #Valledupar #Cesar #IngenieriaAmbiental #TrabajoDeCampo #ConsultoriaAmbiental #IngenieriaColombia #Ingenieria,,https://raw.githubusercontent.com/Yair48/sosing-social/main/sosing_dia_79.png
80,2026-11-14,Cambio climático: planes municipales de adaptación,"La adaptación al cambio climático no es un plan más. Es un ajuste a los planes que el municipio ya tiene.

La Ley 1931 de 2018 organizó la gestión del cambio climático y creó los planes integrales territoriales. Para un municipio la ruta práctica es concreta:

1. PARTIR DE ESCENARIOS, no de percepciones. Las proyecciones nacionales de temperatura y precipitación son el insumo.

2. TRADUCIR EL ESCENARIO A AMENAZA. Más días secos consecutivos significa presión sobre la captación e incendios de cobertura. Lluvia más intensa en menos días, drenaje insuficiente y crecientes súbitas.

3. IDENTIFICAR VULNERABILIDAD por sector: agua, salud, producción agropecuaria, vías.

4. PRIORIZAR MEDIDAS SIN ARREPENTIMIENTO, las que sirven aunque el escenario no se cumpla: reducir pérdidas, proteger la ronda hídrica, mejorar el drenaje, diversificar la fuente.

5. INSERTARLAS DONDE TIENEN DIENTES: el ordenamiento territorial, el plan de desarrollo con su presupuesto, el PMGRD y el PSMV.

Un plan de adaptación que no queda dentro de un instrumento con presupuesto es un diagnóstico.","La adaptación al cambio climático no es un plan más. Es un ajuste a los planes que el municipio ya tiene.

La ruta práctica:
1. Partir de escenarios, no de percepciones
2. Traducir escenario a amenaza — más días secos = presión sobre la captación e incendios; lluvia intensa en menos días = drenaje insuficiente
3. Vulnerabilidad por sector: agua, salud, agro, vías
4. Priorizar medidas sin arrepentimiento: reducir pérdidas, proteger la ronda, mejorar drenaje, diversificar la fuente
5. Insertarlas donde tienen dientes: POT, plan de desarrollo, PMGRD, PSMV

Un plan que no queda en un instrumento con presupuesto es un diagnóstico.

En el Caribe seco esto no es 2050. Es la próxima temporada seca.",#SOSING #Valledupar #Cesar #GestionDelRiesgo #Ley1523 #GestionDelRiesgoDeDesastres #ResilienciaTerritorial #Prevencion,,https://raw.githubusercontent.com/Yair48/sosing-social/main/sosing_dia_80.png
81,2026-11-15,Saneamiento básico rural: soluciones individuales que sí funcionan,"Donde no hay alcantarillado y no lo va a haber, una solución individual bien diseñada no es un remiendo. Es la solución correcta.

Y no suele ser lo que se construye. Un pozo séptico solo no es un sistema. El tren completo para una vivienda rural es:

TRAMPA DE GRASAS → TANQUE SÉPTICO → FILTRO ANAEROBIO DE FLUJO ASCENDENTE → CAMPO DE INFILTRACIÓN o pozo de absorción

Lo que define si funciona:

· PRUEBA DE INFILTRACIÓN EN EL SITIO. La capacidad del suelo define el área del campo de infiltración. Sin ese ensayo, el dimensionamiento es una adivinanza.
· NIVEL FREÁTICO. Si está alto, el campo no opera y contamina el acuífero del que la misma vereda toma agua. Ahí la respuesta puede ser un sistema elevado o una solución seca.
· DISTANCIAS MÍNIMAS a pozos, aljibes y viviendas, según la norma técnica.
· MANTENIMIENTO. El tanque debe evacuarse periódicamente y esos lodos requieren manejo. Un tanque que nunca se limpia deja de tratar y colmata el filtro.

Lo que hace fallar estos sistemas casi nunca es el diseño. Es que nadie le explicó al usuario que hay que mantenerlos, ni cada cuánto.","Donde no hay alcantarillado y no lo va a haber, la solución individual bien diseñada no es un remiendo. Es la correcta.

Un pozo séptico solo NO es un sistema. El tren completo es:

Trampa de grasas → tanque séptico → filtro anaerobio de flujo ascendente → campo de infiltración

Lo que define si funciona:
· Prueba de infiltración en el sitio. Sin ella, el dimensionamiento es adivinanza
· Nivel freático: si está alto, contamina el acuífero de la misma vereda
· Distancias mínimas a pozos y aljibes
· Mantenimiento: el tanque se evacúa, y esos lodos se manejan

Estos sistemas rara vez fallan por diseño. Fallan porque nadie explicó cómo mantenerlos.",#SOSING #Valledupar #Cesar #AguaPotable #Saneamiento #IngenieriaSanitaria #AguaParaTodos #RecursoHidrico,¿Estás formulando saneamiento rural? Escríbenos: comercial@sosinggroup.com,https://raw.githubusercontent.com/Yair48/sosing-social/main/sosing_dia_81.png
82,2026-11-16,Formación continua del equipo: en qué nos actualizamos,"La normativa ambiental colombiana cambia más rápido que cualquier plan de estudios. Actualizarse no es un beneficio: es condición para que el entregable sirva.

En qué nos actualizamos y por qué:

· NORMATIVA VIGENTE. Un estudio que cita una norma derogada se devuelve. Revisamos cambios normativos y términos de referencia antes de estructurar cada propuesta.
· SISTEMAS DE REFERENCIA Y SIG. La cartografía oficial cambia de marco y de origen. Trabajar con el origen equivocado invalida un anexo cartográfico completo.
· MODELACIÓN hidrológica, hidráulica y de redes. Correr un modelo es fácil; calibrarlo e interpretarlo es lo que se aprende.
· MUESTREO Y METROLOGÍA. Toma, preservación, transporte y cadena de custodia.
· TAXONOMÍA. La identificación en campo se sostiene con material de referencia y consulta a herbario, no con memoria.
· CONTRATACIÓN PÚBLICA. Documentos tipo, pliegos y operación de plataforma.

Y una práctica interna: quien va a una capacitación técnica la replica al equipo. El conocimiento que se queda en una sola persona no es una fortaleza. Es un riesgo operativo.","La normativa ambiental cambia más rápido que cualquier plan de estudios. Actualizarse no es un beneficio: es condición para que el entregable sirva.

En qué nos actualizamos:
· Normativa vigente — un estudio que cita norma derogada se devuelve
· Sistemas de referencia y SIG — el origen equivocado invalida todo el anexo cartográfico
· Modelación — correr el modelo es fácil; calibrarlo e interpretarlo es lo que se aprende
· Muestreo y metrología
· Taxonomía, con herbario y material de referencia
· Contratación pública y plataforma

Y una regla interna: quien va a una capacitación la replica al equipo.

El conocimiento que se queda en una sola persona es un riesgo operativo.",#SOSING #Valledupar #Cesar #EquipoSOSING #IngenieriaColombia #TalentoDelCesar #SeguridadYSalud #OrgulloVallenato,,https://raw.githubusercontent.com/Yair48/sosing-social/main/sosing_dia_82.png
83,2026-11-17,Invitación abierta a socios de consorcio,"INVITACIÓN ABIERTA A EMPRESAS PARA CONFORMAR CONSORCIOS O UNIONES TEMPORALES

Somos SOSING S.A.S., con sede en Valledupar: ingeniería ambiental, forestal, gestión del riesgo, interventoría y obra civil en Cesar y La Guajira.

LO QUE APORTAMOS, verificable en nuestro RUP:
· 42 contratos ejecutados y certificados
· 10.017,92 SMMLV de experiencia acumulada
· Mayor contrato individual: 1.119,79 SMMLV
· Liquidez 5,47 · endeudamiento 0,30 · cobertura de intereses 462,66
· Equipo técnico propio y conocimiento del territorio

LO QUE BUSCAMOS EN UN SOCIO:
· Capacidad financiera y patrimonio que complementen los nuestros y habiliten en procesos de mayor cuantía
· Capacidad residual disponible
· Experiencia en códigos UNSPSC complementarios, no repetidos
· Disposición a firmar un acuerdo de consorcio detallado ANTES de presentar

Si su empresa tiene músculo financiero y necesita experiencia técnica acreditada en ambiental, forestal, gestión del riesgo o interventoría, hablemos.

Enviamos RUP y portafolio para que los estudie con tiempo. Estas conversaciones no se dan la semana del cierre.","INVITACIÓN ABIERTA A SOCIOS DE CONSORCIO

SOSING S.A.S. — Valledupar. Ambiental, forestal, gestión del riesgo, interventoría y obra civil en Cesar y La Guajira.

LO QUE APORTAMOS (verificable en RUP):
· 42 contratos ejecutados y certificados
· 10.017,92 SMMLV acumulados
· Mayor contrato individual: 1.119,79 SMMLV
· Liquidez 5,47 · endeudamiento 0,30
· Equipo propio y conocimiento del territorio

LO QUE BUSCAMOS:
· Capacidad financiera y patrimonio complementarios
· Capacidad residual disponible
· Códigos UNSPSC complementarios, no repetidos
· Acuerdo de consorcio firmado ANTES de presentar

Enviamos RUP y portafolio. Estas conversaciones no se dan la semana del cierre.",#SOSING #Valledupar #Cesar #ContratacionPublica #SECOPII #Licitaciones #Consorcio #RUP #AlianzasEstrategicas,Alianzas: comercial@sosinggroup.com · WhatsApp +57 311 660 8217,https://raw.githubusercontent.com/Yair48/sosing-social/main/sosing_dia_83.png
84,2026-11-18,El bosque de galería: la franja que sostiene el río,"La franja de árboles que bordea un río no es decoración del paisaje. Es infraestructura.

Qué hace un bosque de galería, en términos medibles:

· SOSTIENE LA ORILLA. Las raíces amarran el talud. Donde se elimina, la orilla se socava y el cauce migra. Reconstruirla con obra cuesta muchas veces más que haberla dejado en pie.
· REGULA LA TEMPERATURA DEL AGUA. La sombra baja la temperatura y sube el oxígeno disuelto. Un tramo sin sombra tiene menos vida acuática.
· FILTRA LO QUE BAJA DEL POTRERO. Sedimentos y nutrientes de la escorrentía quedan retenidos antes de llegar al agua.
· ALIMENTA EL RÍO. La hojarasca que cae es la base de la cadena trófica del cauce.
· CONECTA. En un paisaje de potreros suele ser el único corredor por donde se mueve la fauna.

La norma reconoce la función: hay faja forestal protectora a lado y lado de los cauces, y el país cuenta con criterios técnicos para acotar rondas hídricas.

Y la parte incómoda de la restauración: sembrar en la ribera sin aislar el potrero es sembrar forraje. Restaurar bosque de galería es 20% siembra y 80% cerca y mantenimiento.","La franja de árboles que bordea un río no es paisaje. Es infraestructura.

· SOSTIENE LA ORILLA — sin raíces el talud se socava y el cauce migra. Reconstruirlo con obra cuesta mucho más
· REGULA LA TEMPERATURA — sombra = menos calor, más oxígeno disuelto
· FILTRA lo que baja del potrero antes de llegar al agua
· ALIMENTA el río: la hojarasca es la base de la cadena trófica
· CONECTA — en un paisaje de potreros es el único corredor de fauna

Hay faja forestal protectora a lado y lado del cauce, y criterios técnicos para acotar rondas hídricas.

Y lo incómodo: sembrar sin aislar el potrero es sembrar forraje.

Restaurar es 20% siembra y 80% cerca.",#SOSING #Valledupar #Cesar #SierraNevada #MedioAmbiente #Caribe #Colombia #Biodiversidad,,https://raw.githubusercontent.com/Yair48/sosing-social/main/sosing_dia_84.png
85,2026-11-19,PUEAA: programa de uso eficiente y ahorro del agua,"Si usted tiene concesión de aguas, tiene que tener PUEAA. Lo estableció la Ley 373 de 1997, y la autoridad ambiental lo aprueba y le hace seguimiento.

Qué es de verdad: un programa quinquenal con metas anuales de reducción de consumo y de pérdidas. No un documento de buenas intenciones.

Contenido mínimo que se sostiene:
· Diagnóstico de la oferta: la fuente, su caudal y su variabilidad
· Diagnóstico de la demanda: módulos de consumo reales y medidos
· Balance hídrico y cuantificación de pérdidas
· Proyectos con costo, responsable y fecha: macromedición, micromedición, reducción de fugas, reúso
· Metas anuales verificables e indicadores
· Presupuesto y fuente de financiación

Dos cosas que conviene entender:

1. La ley exige reutilizar el agua cuando el proceso lo permita técnica y económicamente. No es opcional por comodidad.

2. Un PUEAA bien hecho reduce el caudal que usted necesita concesionar, y con él la tasa por utilización de agua que paga cada año. Se paga solo.

El PUEAA de relleno también tiene costo: aparece el día que toca renovar la concesión.","Si tiene concesión de aguas, tiene que tener PUEAA. Ley 373 de 1997. La autoridad lo aprueba y le hace seguimiento.

Es un programa quinquenal con metas anuales de reducción de consumo y pérdidas. No un documento de buenas intenciones.

Contenido que se sostiene:
· Oferta: la fuente, su caudal y su variabilidad
· Demanda: módulos de consumo medidos, no estimados
· Balance hídrico y pérdidas cuantificadas
· Proyectos con costo, responsable y fecha
· Metas anuales verificables
· Presupuesto y fuente

Y el argumento práctico: un PUEAA bien hecho baja el caudal que necesita concesionar, y con él la tasa por uso de agua. Se paga solo.",#SOSING #Valledupar #Cesar #NormativaAmbiental #CORPOCESAR #LicenciaAmbiental #GestionAmbiental #IngenieriaAmbiental,¿Te toca renovar concesión? Escríbenos: comercial@sosinggroup.com,https://raw.githubusercontent.com/Yair48/sosing-social/main/sosing_dia_85.png
86,2026-11-20,Cartografía y sistemas de referencia: el error que invalida un estudio,"Un estudio impecable se puede caer por un archivo de coordenadas. Pasa más de lo que se cree.

Los cuatro errores que invalidan un anexo:

1. SISTEMA DE REFERENCIA EQUIVOCADO. Colombia tiene un sistema oficial: MAGNA-SIRGAS. Un GPS en configuración de fábrica entrega puntos desplazados frente a la cartografía oficial: la captación termina en el predio del vecino.

2. ORÍGENES DE PROYECCIÓN MEZCLADOS. Durante años se trabajó con varios orígenes regionales y hoy existe además un origen único nacional. Mezclarlos produce desplazamientos sistemáticos que nadie nota hasta que alguien mide.

3. CONFUNDIR ALTURA ELIPSOIDAL CON ORTOMÉTRICA. El GPS entrega altura sobre el elipsoide; las cotas de un diseño hidráulico son ortométricas, referidas al geoide. La diferencia es de decenas de metros. Un perfil con la altura equivocada no drena.

4. ESCALA INCOHERENTE. Una capa capturada a escala regional no se presenta como cartografía de detalle. La escala declara la precisión.

La regla: antes de la primera salida se define sistema, origen y geoide, y se configuran TODOS los equipos igual.","Un estudio impecable se puede caer por un archivo de coordenadas.

Los 4 errores que invalidan un anexo cartográfico:

1. SISTEMA EQUIVOCADO — Colombia usa MAGNA-SIRGAS. Un GPS en configuración de fábrica pone la captación en el predio del vecino.

2. ORÍGENES MEZCLADOS — varios orígenes regionales y hoy un origen único nacional. Mezclarlos desplaza todo de forma sistemática.

3. ALTURA ELIPSOIDAL vs. ORTOMÉTRICA — el GPS da elipsoidal; el diseño hidráulico usa ortométrica. La diferencia es de decenas de metros. Un perfil así no drena.

4. ESCALA INCOHERENTE — la escala declara la precisión.

Se define antes de la primera salida. Corregirlo después es volver a campo.",#SOSING #Valledupar #Cesar #IngenieriaAmbiental #TrabajoDeCampo #ConsultoriaAmbiental #IngenieriaColombia #Ingenieria,,https://raw.githubusercontent.com/Yair48/sosing-social/main/sosing_dia_86.png
87,2026-11-21,Estrategia municipal de respuesta a emergencias (EMRE),"El PMGRD dice qué hacer para que la emergencia no ocurra. La EMRE, qué hacer cuando ya ocurrió. Son documentos distintos y la Ley 1523 de 2012 exige los dos.

La Estrategia Municipal de Respuesta a Emergencias organiza las primeras horas:

· SERVICIOS DE RESPUESTA con responsable asignado: búsqueda y rescate, salud, incendios, materiales peligrosos, albergue, agua potable, telecomunicaciones, seguridad y manejo de cadáveres.
· ORGANIGRAMA. Quién asume el mando, quién opera, quién apoya. Con nombres y suplentes.
· NIVELES DE ACTIVACIÓN. Qué se activa con un evento localizado y qué cuando se supera al municipio.
· PROTOCOLOS POR ESCENARIO: inundación, incendio de cobertura, sismo, materiales peligrosos, aglomeraciones.
· INVENTARIO REAL DE RECURSOS. Vehículos, maquinaria, albergues con capacidad verificada. No heredado del documento anterior.
· CÓMO SE DECLARA la calamidad pública.

Y el punto que separa una EMRE útil de una carpeta: se prueba con simulacros. Un simulacro no evalúa si la gente sale rápido: evalúa si la cadena de mando funcionó y si el albergue estaba donde decía.","El PMGRD dice qué hacer para que la emergencia no ocurra. La EMRE dice qué hacer cuando ya ocurrió. La Ley 1523 exige los dos.

La EMRE organiza las primeras horas:
· Servicios de respuesta con responsable asignado
· Organigrama: quién manda, quién opera, quién apoya. Con nombres y suplentes
· Niveles de activación
· Protocolos por escenario
· Inventario de recursos VERIFICADO, no heredado del documento anterior
· Cómo se declara la calamidad pública

Y lo que separa una EMRE útil de una carpeta: se prueba con simulacros.

Un simulacro no evalúa si la gente sale rápido. Evalúa si la cadena de mando funcionó y si el albergue estaba donde decía el papel.",#SOSING #Valledupar #Cesar #GestionDelRiesgo #Ley1523 #GestionDelRiesgoDeDesastres #ResilienciaTerritorial #Prevencion,,https://raw.githubusercontent.com/Yair48/sosing-social/main/sosing_dia_87.png
88,2026-11-22,Tarifas y sostenibilidad de acueductos: la conversación incómoda,"El agua cuesta y alguien la paga. La única pregunta es quién y cuándo.

Un acueducto tiene costos que existen aunque nadie los facture: energía de bombeo, cloro y coagulantes, laboratorio, reposición de accesorios, un operador, tasas ambientales y el reemplazo de la infraestructura.

La Ley 142 de 1994 fijó los criterios tarifarios. Dos de ellos se tratan como opuestos y no lo son: SOLIDARIDAD y SUFICIENCIA FINANCIERA.

La solidaridad se resuelve con subsidios a los estratos bajos, financiados por los altos y por los usuarios comerciales e industriales, mediante el fondo de solidaridad que el concejo debe constituir. La suficiencia, aplicando la metodología tarifaria de la CRA según el tamaño del prestador.

Cuando se rompe el equilibrio, la secuencia es la misma:
· No se compra cloro. El IRCA sube.
· No se repone red. Las pérdidas crecen y hay que producir más para entregar lo mismo.
· No se paga al operador. Rota el personal y se pierde el conocimiento del sistema.

Tarifa baja hoy no es agua barata. Es peor agua mañana, pagada por el mismo usuario en carrotanque y consulta médica.","El agua cuesta y alguien la paga. La única pregunta es quién y cuándo.

Un acueducto tiene costos aunque nadie los facture: energía, cloro, laboratorio, accesorios, operador, tasas ambientales y reposición de red.

La Ley 142 de 1994 fijó dos criterios que se tratan como opuestos y no lo son: SOLIDARIDAD (subsidios vía fondo de solidaridad, que el concejo constituye) y SUFICIENCIA FINANCIERA (tarifa según la metodología de la CRA).

Cuando se rompe el equilibrio:
· No se compra cloro → sube el IRCA
· No se repone red → suben las pérdidas
· No se paga al operador → rota el personal

Tarifa baja hoy no es agua barata. Es peor agua mañana, pagada en carrotanque.",#SOSING #Valledupar #Cesar #AguaPotable #Saneamiento #IngenieriaSanitaria #AguaParaTodos #RecursoHidrico,¿Necesitas diagnóstico o estudio tarifario de tu sistema? Escríbenos: comercial@sosinggroup.com,https://raw.githubusercontent.com/Yair48/sosing-social/main/sosing_dia_88.png
89,2026-11-23,Por qué trabajamos con datos verificables y no con adjetivos,"Cerramos este ciclo con la única promesa que sabemos sostener: no discutimos con adjetivos.

No decimos que somos los mejores. Decimos: 42 contratos ejecutados y certificados en el RUP, 10.017,92 SMMLV acumulados, mayor contrato individual 1.119,79 SMMLV, liquidez 5,47 y endeudamiento 0,30. Pida el certificado y compruébelo. Un dato que no se puede verificar no es un argumento: es publicidad.

La misma regla aplica hacia adentro:

· Un resultado de laboratorio va con su cadena de custodia y con acreditación para ESE parámetro.
· Un caudal va con su formato de aforo, su fecha, su sección y quién lo midió.
· Un cálculo va con su memoria, para que otro ingeniero lo rehaga y llegue al mismo número.
· Un polígono va con su sistema de referencia y sus metadatos.
· Una especie va con su nombre científico y su respaldo de identificación.

El criterio es uno: cualquier afirmación de un informe nuestro debe poder auditarla un tercero que no estuvo en campo.

Eso es más lento que escribir bonito. Y es lo que se necesita cuando el informe sostiene una decisión de inversión pública.","No discutimos con adjetivos.

No decimos que somos los mejores. Decimos: 42 contratos ejecutados y certificados en el RUP · 10.017,92 SMMLV acumulados · mayor contrato individual 1.119,79 SMMLV · liquidez 5,47 · endeudamiento 0,30.

Pida el certificado y compruébelo. Un dato que no se puede verificar no es un argumento: es publicidad.

Y hacia adentro, la misma regla:
· Resultado de laboratorio con cadena de custodia
· Caudal con su formato, fecha, sección y quién midió
· Cálculo con memoria replicable
· Polígono con sistema de referencia y metadatos
· Especie con nombre científico

Todo debe poder auditarlo un tercero que no estuvo en campo.",#SOSING #Valledupar #Cesar #EquipoSOSING #IngenieriaColombia #TalentoDelCesar #SeguridadYSalud #OrgulloVallenato,,https://raw.githubusercontent.com/Yair48/sosing-social/main/sosing_dia_89.png
90,2026-11-24,Cómo trabajamos con las entidades contratantes: nuestro protocolo,"Así trabajamos con las entidades que nos contratan. Lo publicamos para que se nos pueda exigir.

1. ALCANCE ESCRITO ANTES DEL ACTA DE INICIO. Entregables, formatos, salidas de campo, parámetros a monitorear y criterios de aceptación. Lo ambiguo al principio se discute al final, y al final es tarde.

2. UN INTERLOCUTOR TÉCNICO ÚNICO, con capacidad de decidir. Y cronograma con hitos y ruta crítica, no fechas sueltas.

3. COMITÉS CON ACTA: compromiso, responsable y fecha. Si el avance depende de un insumo de la entidad, queda registrado el día que se solicitó.

4. ENTREGABLES PRELIMINARES. Preferimos que la supervisión vea el documento antes del radicado. Corregir en borrador cuesta días; después de radicar cuesta un requerimiento.

5. RESPUESTA A REQUERIMIENTOS en término, con soporte técnico nuevo y no reiterando el texto original.

6. CIERRE COMPLETO. Liquidación y entrega de la información en formato editable: bases de datos, cartografía con metadatos, memorias y registros. No solo el PDF.

El punto 6 es el que más se incumple. La información de un contrato es del contratante.","Así trabajamos con las entidades que nos contratan. Lo publicamos para que se nos pueda exigir.

1. Alcance escrito ANTES del acta de inicio: entregables, formatos, salidas de campo, criterios de aceptación
2. Un interlocutor técnico único, con capacidad de decidir
3. Comités con acta: compromiso, responsable y fecha
4. Entregables preliminares para revisión — corregir en borrador cuesta días; después de radicar cuesta un requerimiento
5. Respuesta a requerimientos con soporte nuevo, no repitiendo el texto original
6. Cierre completo: bases de datos, cartografía con metadatos y memorias. No solo el PDF

El punto 6 es el que más se incumple. La información del contrato es del contratante.",#SOSING #Valledupar #Cesar #ContratacionPublica #SECOPII #Licitaciones #Consorcio #RUP #AlianzasEstrategicas,"¿Vas a estructurar un contrato ambiental, de gestión del riesgo o de interventoría? Escríbenos: comercial@sosinggroup.com",https://raw.githubusercontent.com/Yair48/sosing-social/main/sosing_dia_90.png
